Index,G1,G2,G3,Absences,Study_Time,Failures,Family_Support,APS,ARS,FSR,LRS,Total_Risk_Score,Risk_Level,Recommendations
0,5,5,6,4,2,0,yes,4,0,1,0,5,Moderate Risk,ğŸ“š Critical academic performance - immediate tutoring required | ğŸ“š Provide additional academic resources (low parental education) | ğŸ“Š Academic monitoring & support recommended
1,7,8,10,10,2,3,no,4,1,3,0,8,High Risk,ğŸ“š Critical academic performance - immediate tutoring required | ğŸ‘¨â€ğŸ‘©â€ğŸ‘§ Lack of family support - engage parents/guardians | ğŸ‘¥ Assign mentor/peer support - lacks family backing | â° Monitor attendance - trending toward excessive | ğŸ“š Provide additional academic resources (low parental education) | âš ï¸ Immediate counseling & parental engagement required
2,15,14,15,2,3,0,yes,0,0,0,0,0,Low Risk,âœ… Continue current trajectory
3,6,10,10,4,2,0,yes,2,0,0,0,2,Low Risk,ğŸ“– Academic performance needs improvement | âœ… Continue current trajectory
4,15,15,15,10,2,0,yes,0,1,0,0,1,Low Risk,â° Monitor attendance - trending toward excessive | âœ… Continue current trajectory
5,12,12,11,0,2,0,no,0,0,3,1,4,Moderate Risk,ğŸ‘¨â€ğŸ‘©â€ğŸ‘§ Lack of family support - engage parents/guardians | ğŸ“š Provide additional academic resources (low parental education) | âš–ï¸ Balance social life with academics | ğŸ“Š Academic monitoring & support recommended
6,6,5,6,6,2,0,yes,4,1,0,1,6,Moderate Risk,ğŸ“š Critical academic performance - immediate tutoring required | â° Monitor attendance - trending toward excessive | âš–ï¸ Balance social life with academics | ğŸ“Š Academic monitoring & support recommended
7,16,18,19,0,2,0,yes,0,0,0,0,0,Low Risk,âœ… Continue current trajectory
8,14,15,15,0,2,0,yes,0,0,0,0,0,Low Risk,âœ… Continue current trajectory
9,10,8,9,0,2,0,yes,4,0,0,0,4,Moderate Risk,ğŸ“š Critical academic performance - immediate tutoring required | ğŸ“Š Academic monitoring & support recommended
10,10,12,12,4,3,0,yes,0,0,1,0,1,Low Risk,ğŸ“š Provide additional academic resources (low parental education) | âœ… Continue current trajectory
11,14,14,14,2,1,0,yes,0,0,0,2,2,Low Risk,â±ï¸ Study time critically low - create study schedule | âœ… Continue current trajectory
12,10,10,11,2,2,0,yes,2,0,0,0,2,Low Risk,ğŸ“– Academic performance needs improvement | âœ… Continue current trajectory
13,14,16,16,0,3,0,yes,0,0,1,0,1,Low Risk,ğŸ“š Provide additional academic resources (low parental education) | âœ… Continue current trajectory
14,14,14,14,4,1,0,yes,0,0,0,3,3,Low Risk,â±ï¸ Study time critically low - create study schedule | âš–ï¸ Balance social life with academics | âœ… Continue current trajectory
15,13,14,14,6,3,0,yes,0,1,0,0,1,Low Risk,â° Monitor attendance - trending toward excessive | âœ… Continue current trajectory
16,8,10,10,4,2,0,yes,2,0,0,0,2,Low Risk,ğŸ“– Academic performance needs improvement | âœ… Continue current trajectory
17,6,5,5,16,1,3,yes,4,3,0,3,10,High Risk,âš ï¸ Excessive absences detected - attendance intervention needed | ğŸ“š Critical academic performance - immediate tutoring required | ğŸš¨ CRITICAL: Multiple high-risk factors - immediate intervention required | â±ï¸ Study time critically low - create study schedule | âš–ï¸ Balance social life with academics
18,8,10,10,4,1,0,no,2,0,2,2,6,Moderate Risk,ğŸ‘¨â€ğŸ‘©â€ğŸ‘§ Lack of family support - engage parents/guardians | ğŸ‘¥ Assign mentor/peer support - lacks family backing | ğŸ“– Academic performance needs improvement | â±ï¸ Study time critically low - create study schedule | ğŸ“Š Academic monitoring & support recommended
19,13,14,15,0,2,0,no,0,0,2,0,2,Low Risk,ğŸ‘¨â€ğŸ‘©â€ğŸ‘§ Lack of family support - engage parents/guardians | âœ… Continue current trajectory
20,12,15,15,0,1,0,yes,0,0,0,2,2,Low Risk,â±ï¸ Study time critically low - create study schedule | âœ… Continue current trajectory
21,15,15,16,2,2,0,no,0,0,2,0,2,Low Risk,ğŸ‘¨â€ğŸ‘©â€ğŸ‘§ Lack of family support - engage parents/guardians | âœ… Continue current trajectory
22,13,13,12,0,2,0,yes,0,0,1,1,2,Low Risk,ğŸ“š Provide additional academic resources (low parental education) | âš–ï¸ Balance social life with academics | âœ… Continue current trajectory
23,10,9,8,2,3,0,yes,4,0,0,0,4,Moderate Risk,ğŸ“š Critical academic performance - immediate tutoring required | ğŸ“Š Academic monitoring & support recommended
24,6,9,8,14,1,2,yes,4,1,1,2,8,High Risk,ğŸ“š Critical academic performance - immediate tutoring required | â° Monitor attendance - trending toward excessive | ğŸ“š Provide additional academic resources (low parental education) | â±ï¸ Study time critically low - create study schedule | âš ï¸ Immediate counseling & parental engagement required
25,12,12,11,2,1,0,yes,0,0,1,2,3,Low Risk,ğŸ“š Provide additional academic resources (low parental education) | â±ï¸ Study time critically low - create study schedule | âœ… Continue current trajectory
26,15,16,15,4,1,0,no,0,0,2,3,5,Moderate Risk,ğŸ‘¨â€ğŸ‘©â€ğŸ‘§ Lack of family support - engage parents/guardians | â±ï¸ Study time critically low - create study schedule | âš–ï¸ Balance social life with academics | ğŸ“Š Academic monitoring & support recommended
27,11,11,11,4,2,0,yes,2,0,0,0,2,Low Risk,ğŸ“– Academic performance needs improvement | âœ… Continue current trajectory
28,10,12,11,16,2,0,yes,0,3,0,3,6,Moderate Risk,âš ï¸ Excessive absences detected - attendance intervention needed | ğŸš¨ Substance use concern - counseling recommended | âš–ï¸ Balance social life with academics | ğŸ“Š Academic monitoring & support recommended
29,9,11,12,0,2,0,yes,2,0,0,0,2,Low Risk,ğŸ“– Academic performance needs improvement | âœ… Continue current trajectory
30,17,16,17,0,2,0,yes,0,0,0,0,0,Low Risk,âœ… Continue current trajectory
31,17,16,16,0,2,0,yes,0,0,0,0,0,Low Risk,âœ… Continue current trajectory
32,8,10,12,0,2,0,no,2,0,2,0,4,Moderate Risk,ğŸ‘¨â€ğŸ‘©â€ğŸ‘§ Lack of family support - engage parents/guardians | ğŸ‘¥ Assign mentor/peer support - lacks family backing | ğŸ“– Academic performance needs improvement | ğŸ“Š Academic monitoring & support recommended
33,12,14,15,0,1,0,yes,0,0,0,2,2,Low Risk,â±ï¸ Study time critically low - create study schedule | âœ… Continue current trajectory
34,8,7,6,0,1,0,yes,4,0,0,2,6,Moderate Risk,ğŸ“š Critical academic performance - immediate tutoring required | â±ï¸ Study time critically low - create study schedule | ğŸ“Š Academic monitoring & support recommended
35,15,16,18,2,3,0,yes,0,0,0,0,0,Low Risk,âœ… Continue current trajectory
36,15,16,15,7,3,0,yes,0,1,0,0,1,Low Risk,â° Monitor attendance - trending toward excessive | âœ… Continue current trajectory
37,12,12,11,2,3,0,yes,0,0,0,0,0,Low Risk,âœ… Continue current trajectory
38,14,13,13,8,1,0,yes,0,1,1,2,4,Moderate Risk,â° Monitor attendance - trending toward excessive | ğŸ“š Provide additional academic resources (low parental education) | â±ï¸ Study time critically low - create study schedule | ğŸ“Š Academic monitoring & support recommended
39,7,10,11,25,2,1,yes,2,3,1,0,6,Moderate Risk,âš ï¸ Excessive absences detected - attendance intervention needed | ğŸ“– Academic performance needs improvement | ğŸ“š Provide additional academic resources (low parental education) | ğŸ“Š Academic monitoring & support recommended
40,12,12,12,8,1,0,yes,0,1,0,2,3,Low Risk,â° Monitor attendance - trending toward excessive | â±ï¸ Study time critically low - create study schedule | âœ… Continue current trajectory
41,19,18,18,2,2,0,yes,0,0,0,0,0,Low Risk,âœ… Continue current trajectory
42,8,8,11,0,1,0,yes,4,0,1,2,7,Moderate Risk,ğŸ“š Critical academic performance - immediate tutoring required | ğŸ“š Provide additional academic resources (low parental education) | â±ï¸ Study time critically low - create study schedule | ğŸ“Š Academic monitoring & support recommended
43,10,10,9,14,2,1,no,2,1,3,0,6,Moderate Risk,ğŸ‘¨â€ğŸ‘©â€ğŸ‘§ Lack of family support - engage parents/guardians | ğŸ‘¥ Assign mentor/peer support - lacks family backing | â° Monitor attendance - trending toward excessive | ğŸ“– Academic performance needs improvement | ğŸ“š Provide additional academic resources (low parental education) | ğŸ“Š Academic monitoring & support recommended
44,8,8,6,8,2,0,yes,4,1,0,0,5,Moderate Risk,ğŸ“š Critical academic performance - immediate tutoring required | â° Monitor attendance - trending toward excessive | ğŸ“Š Academic monitoring & support recommended
45,11,12,11,12,2,0,yes,0,1,0,1,2,Low Risk,â° Monitor attendance - trending toward excessive | âš–ï¸ Balance social life with academics | âœ… Continue current trajectory
46,19,19,20,4,4,0,no,0,0,2,0,2,Low Risk,ğŸ‘¨â€ğŸ‘©â€ğŸ‘§ Lack of family support - engage parents/guardians | âœ… Continue current trajectory
47,15,15,14,2,2,0,yes,0,0,0,0,0,Low Risk,âœ… Continue current trajectory
48,7,7,7,2,2,1,yes,4,0,0,1,5,Moderate Risk,ğŸ“š Critical academic performance - immediate tutoring required | âš–ï¸ Balance social life with academics | ğŸ“Š Academic monitoring & support recommended
49,12,13,13,2,2,0,yes,0,0,1,0,1,Low Risk,ğŸ“š Provide additional academic resources (low parental education) | âœ… Continue current trajectory
50,11,13,13,2,2,0,yes,0,0,0,0,0,Low Risk,âœ… Continue current trajectory
51,11,11,10,6,1,1,no,2,1,2,3,8,High Risk,ğŸ‘¨â€ğŸ‘©â€ğŸ‘§ Lack of family support - engage parents/guardians | ğŸ‘¥ Assign mentor/peer support - lacks family backing | â° Monitor attendance - trending toward excessive | ğŸ“– Academic performance needs improvement | â±ï¸ Study time critically low - create study schedule | âš–ï¸ Balance social life with academics | âš ï¸ Immediate counseling & parental engagement required
52,8,10,11,0,1,0,yes,2,0,0,3,5,Moderate Risk,ğŸ“– Academic performance needs improvement | â±ï¸ Study time critically low - create study schedule | âš–ï¸ Balance social life with academics | ğŸ“Š Academic monitoring & support recommended
53,10,13,13,6,1,0,no,0,1,2,5,8,High Risk,ğŸ‘¨â€ğŸ‘©â€ğŸ‘§ Lack of family support - engage parents/guardians | â° Monitor attendance - trending toward excessive | ğŸš¨ Substance use concern - counseling recommended | â±ï¸ Study time critically low - create study schedule | âš–ï¸ Balance social life with academics | âš ï¸ Immediate counseling & parental engagement required
54,8,9,10,8,2,0,no,4,1,3,1,9,High Risk,ğŸ“š Critical academic performance - immediate tutoring required | ğŸ‘¨â€ğŸ‘©â€ğŸ‘§ Lack of family support - engage parents/guardians | ğŸ‘¥ Assign mentor/peer support - lacks family backing | â° Monitor attendance - trending toward excessive | ğŸ“š Provide additional academic resources (low parental education) | âš–ï¸ Balance social life with academics | âš ï¸ Immediate counseling & parental engagement required
55,14,15,15,0,2,0,yes,0,0,0,0,0,Low Risk,âœ… Continue current trajectory
56,14,15,15,4,2,0,yes,0,0,0,0,0,Low Risk,âœ… Continue current trajectory
57,9,10,9,2,2,0,yes,2,0,1,0,3,Low Risk,ğŸ“– Academic performance needs improvement | ğŸ“š Provide additional academic resources (low parental education) | âœ… Continue current trajectory
58,15,16,16,2,2,0,yes,0,0,0,0,0,Low Risk,âœ… Continue current trajectory
59,10,11,11,6,2,0,yes,2,1,0,1,4,Moderate Risk,â° Monitor attendance - trending toward excessive | ğŸ“– Academic performance needs improvement | âš–ï¸ Balance social life with academics | ğŸ“Š Academic monitoring & support recommended
60,10,8,11,6,1,0,yes,4,1,1,5,11,High Risk,ğŸ“š Critical academic performance - immediate tutoring required | â° Monitor attendance - trending toward excessive | ğŸ“š Provide additional academic resources (low parental education) | ğŸš¨ Substance use concern - counseling recommended | â±ï¸ Study time critically low - create study schedule | âš–ï¸ Balance social life with academics | âš ï¸ Immediate counseling & parental engagement required
61,8,10,9,4,2,0,no,2,0,3,0,5,Moderate Risk,ğŸ‘¨â€ğŸ‘©â€ğŸ‘§ Lack of family support - engage parents/guardians | ğŸ‘¥ Assign mentor/peer support - lacks family backing | ğŸ“– Academic performance needs improvement | ğŸ“š Provide additional academic resources (low parental education) | ğŸ“Š Academic monitoring & support recommended
62,10,9,9,2,3,0,yes,4,0,0,1,5,Moderate Risk,ğŸ“š Critical academic performance - immediate tutoring required | âš–ï¸ Balance social life with academics | ğŸ“Š Academic monitoring & support recommended
63,10,10,10,0,2,0,no,2,0,2,1,5,Moderate Risk,ğŸ‘¨â€ğŸ‘©â€ğŸ‘§ Lack of family support - engage parents/guardians | ğŸ‘¥ Assign mentor/peer support - lacks family backing | ğŸ“– Academic performance needs improvement | âš–ï¸ Balance social life with academics | ğŸ“Š Academic monitoring & support recommended
64,16,15,15,2,2,0,yes,0,0,0,0,0,Low Risk,âœ… Continue current trajectory
65,13,13,12,4,4,0,yes,0,0,0,2,2,Low Risk,ğŸš¨ Substance use concern - counseling recommended | âœ… Continue current trajectory
66,7,7,6,4,4,0,yes,4,0,1,0,5,Moderate Risk,ğŸ“š Critical academic performance - immediate tutoring required | ğŸ“š Provide additional academic resources (low parental education) | ğŸ“Š Academic monitoring & support recommended
67,8,9,8,2,2,0,yes,4,0,1,0,5,Moderate Risk,ğŸ“š Critical academic performance - immediate tutoring required | ğŸ“š Provide additional academic resources (low parental education) | ğŸ“Š Academic monitoring & support recommended
68,16,16,16,12,4,0,yes,0,1,1,0,2,Low Risk,â° Monitor attendance - trending toward excessive | ğŸ“š Provide additional academic resources (low parental education) | âœ… Continue current trajectory
69,13,15,15,0,4,0,yes,0,0,1,0,1,Low Risk,ğŸ“š Provide additional academic resources (low parental education) | âœ… Continue current trajectory
70,10,10,10,0,4,0,no,2,0,2,0,4,Moderate Risk,ğŸ‘¨â€ğŸ‘©â€ğŸ‘§ Lack of family support - engage parents/guardians | ğŸ‘¥ Assign mentor/peer support - lacks family backing | ğŸ“– Academic performance needs improvement | ğŸ“Š Academic monitoring & support recommended
71,8,6,5,2,2,2,yes,4,0,1,1,6,Moderate Risk,ğŸ“š Critical academic performance - immediate tutoring required | ğŸ“š Provide additional academic resources (low parental education) | âš–ï¸ Balance social life with academics | ğŸ“Š Academic monitoring & support recommended
72,12,12,14,2,1,0,no,0,0,3,2,5,Moderate Risk,ğŸ‘¨â€ğŸ‘©â€ğŸ‘§ Lack of family support - engage parents/guardians | ğŸ“š Provide additional academic resources (low parental education) | â±ï¸ Study time critically low - create study schedule | ğŸ“Š Academic monitoring & support recommended
73,11,12,11,54,2,0,yes,0,3,0,0,3,Low Risk,âš ï¸ Excessive absences detected - attendance intervention needed | âœ… Continue current trajectory
74,9,9,10,6,2,0,yes,4,1,0,0,5,Moderate Risk,ğŸ“š Critical academic performance - immediate tutoring required | â° Monitor attendance - trending toward excessive | ğŸ“Š Academic monitoring & support recommended
75,11,11,10,8,4,0,no,2,1,3,0,6,Moderate Risk,ğŸ‘¨â€ğŸ‘©â€ğŸ‘§ Lack of family support - engage parents/guardians | ğŸ‘¥ Assign mentor/peer support - lacks family backing | â° Monitor attendance - trending toward excessive | ğŸ“– Academic performance needs improvement | ğŸ“š Provide additional academic resources (low parental education) | ğŸ“Š Academic monitoring & support recommended
76,11,11,11,0,4,0,no,2,0,3,0,5,Moderate Risk,ğŸ‘¨â€ğŸ‘©â€ğŸ‘§ Lack of family support - engage parents/guardians | ğŸ‘¥ Assign mentor/peer support - lacks family backing | ğŸ“– Academic performance needs improvement | ğŸ“š Provide additional academic resources (low parental education) | ğŸ“Š Academic monitoring & support recommended
77,8,8,10,2,1,3,yes,4,0,1,2,7,Moderate Risk,ğŸ“š Critical academic performance - immediate tutoring required | ğŸ“š Provide additional academic resources (low parental education) | â±ï¸ Study time critically low - create study schedule | ğŸ“Š Academic monitoring & support recommended
78,5,5,5,12,2,0,yes,4,1,0,0,5,Moderate Risk,ğŸ“š Critical academic performance - immediate tutoring required | â° Monitor attendance - trending toward excessive | ğŸ“Š Academic monitoring & support recommended
79,10,12,12,2,1,0,yes,0,0,0,2,2,Low Risk,â±ï¸ Study time critically low - create study schedule | âœ… Continue current trajectory
80,11,10,11,4,3,0,no,2,0,2,0,4,Moderate Risk,ğŸ‘¨â€ğŸ‘©â€ğŸ‘§ Lack of family support - engage parents/guardians | ğŸ‘¥ Assign mentor/peer support - lacks family backing | ğŸ“– Academic performance needs improvement | ğŸ“Š Academic monitoring & support recommended
81,7,6,6,10,2,0,yes,4,1,0,1,6,Moderate Risk,ğŸ“š Critical academic performance - immediate tutoring required | â° Monitor attendance - trending toward excessive | âš–ï¸ Balance social life with academics | ğŸ“Š Academic monitoring & support recommended
82,15,15,15,4,2,0,no,0,0,3,0,3,Low Risk,ğŸ‘¨â€ğŸ‘©â€ğŸ‘§ Lack of family support - engage parents/guardians | ğŸ“š Provide additional academic resources (low parental education) | âœ… Continue current trajectory
83,9,10,10,2,2,0,yes,2,0,1,0,3,Low Risk,ğŸ“– Academic performance needs improvement | ğŸ“š Provide additional academic resources (low parental education) | âœ… Continue current trajectory
84,7,9,8,6,2,2,no,4,1,2,1,8,High Risk,ğŸ“š Critical academic performance - immediate tutoring required | ğŸ‘¨â€ğŸ‘©â€ğŸ‘§ Lack of family support - engage parents/guardians | ğŸ‘¥ Assign mentor/peer support - lacks family backing | â° Monitor attendance - trending toward excessive | âš–ï¸ Balance social life with academics | âš ï¸ Immediate counseling & parental engagement required
85,8,7,6,4,2,0,yes,4,0,1,1,6,Moderate Risk,ğŸ“š Critical academic performance - immediate tutoring required | ğŸ“š Provide additional academic resources (low parental education) | âš–ï¸ Balance social life with academics | ğŸ“Š Academic monitoring & support recommended
86,13,14,14,4,3,0,yes,0,0,0,0,0,Low Risk,âœ… Continue current trajectory
87,11,10,10,12,2,1,no,2,1,3,0,6,Moderate Risk,ğŸ‘¨â€ğŸ‘©â€ğŸ‘§ Lack of family support - engage parents/guardians | ğŸ‘¥ Assign mentor/peer support - lacks family backing | â° Monitor attendance - trending toward excessive | ğŸ“– Academic performance needs improvement | ğŸ“š Provide additional academic resources (low parental education) | ğŸ“Š Academic monitoring & support recommended
88,8,6,7,18,2,0,yes,4,3,0,2,9,High Risk,âš ï¸ Excessive absences detected - attendance intervention needed | ğŸ“š Critical academic performance - immediate tutoring required | ğŸš¨ CRITICAL: Multiple high-risk factors - immediate intervention required | ğŸš¨ Substance use concern - counseling recommended
89,7,7,8,0,3,0,yes,4,0,0,0,4,Moderate Risk,ğŸ“š Critical academic performance - immediate tutoring required | ğŸ“Š Academic monitoring & support recommended
90,16,17,18,4,1,0,no,0,0,2,3,5,Moderate Risk,ğŸ‘¨â€ğŸ‘©â€ğŸ‘§ Lack of family support - engage parents/guardians | â±ï¸ Study time critically low - create study schedule | âš–ï¸ Balance social life with academics | ğŸ“Š Academic monitoring & support recommended
91,7,6,6,4,2,0,yes,4,0,1,0,5,Moderate Risk,ğŸ“š Critical academic performance - immediate tutoring required | ğŸ“š Provide additional academic resources (low parental education) | ğŸ“Š Academic monitoring & support recommended
92,11,10,10,0,2,0,yes,2,0,0,0,2,Low Risk,ğŸ“– Academic performance needs improvement | âœ… Continue current trajectory
93,11,13,14,6,4,0,yes,0,1,1,1,3,Low Risk,â° Monitor attendance - trending toward excessive | ğŸ“š Provide additional academic resources (low parental education) | âš–ï¸ Balance social life with academics | âœ… Continue current trajectory
94,7,10,10,2,4,1,yes,2,0,1,0,3,Low Risk,ğŸ“– Academic performance needs improvement | ğŸ“š Provide additional academic resources (low parental education) | âœ… Continue current trajectory
95,11,15,15,2,1,0,yes,0,0,0,2,2,Low Risk,â±ï¸ Study time critically low - create study schedule | âœ… Continue current trajectory
96,8,9,10,2,2,0,yes,4,0,1,1,6,Moderate Risk,ğŸ“š Critical academic performance - immediate tutoring required | ğŸ“š Provide additional academic resources (low parental education) | âš–ï¸ Balance social life with academics | ğŸ“Š Academic monitoring & support recommended
97,11,14,14,6,1,0,no,0,1,2,3,6,Moderate Risk,ğŸ‘¨â€ğŸ‘©â€ğŸ‘§ Lack of family support - engage parents/guardians | â° Monitor attendance - trending toward excessive | â±ï¸ Study time critically low - create study schedule | âš–ï¸ Balance social life with academics | ğŸ“Š Academic monitoring & support recommended
98,7,9,8,0,3,0,yes,4,0,0,1,5,Moderate Risk,ğŸ“š Critical academic performance - immediate tutoring required | âš–ï¸ Balance social life with academics | ğŸ“Š Academic monitoring & support recommended
99,7,7,5,14,1,0,yes,4,1,0,5,10,High Risk,ğŸ“š Critical academic performance - immediate tutoring required | â° Monitor attendance - trending toward excessive | ğŸš¨ Substance use concern - counseling recommended | â±ï¸ Study time critically low - create study schedule | âš–ï¸ Balance social life with academics | âš ï¸ Immediate counseling & parental engagement required
100,16,17,17,0,3,0,yes,0,0,0,0,0,Low Risk,âœ… Continue current trajectory
101,10,13,14,4,1,0,yes,0,0,0,2,2,Low Risk,â±ï¸ Study time critically low - create study schedule | âœ… Continue current trajectory
102,7,6,6,26,2,0,yes,4,3,0,1,8,High Risk,âš ï¸ Excessive absences detected - attendance intervention needed | ğŸ“š Critical academic performance - immediate tutoring required | ğŸš¨ CRITICAL: Multiple high-risk factors - immediate intervention required | âš–ï¸ Balance social life with academics
103,16,18,18,0,2,0,yes,0,0,0,1,1,Low Risk,âš–ï¸ Balance social life with academics | âœ… Continue current trajectory
104,10,11,11,10,4,0,no,2,1,2,0,5,Moderate Risk,ğŸ‘¨â€ğŸ‘©â€ğŸ‘§ Lack of family support - engage parents/guardians | ğŸ‘¥ Assign mentor/peer support - lacks family backing | â° Monitor attendance - trending toward excessive | ğŸ“– Academic performance needs improvement | ğŸ“Š Academic monitoring & support recommended
105,7,8,8,8,4,0,yes,4,1,1,0,6,Moderate Risk,ğŸ“š Critical academic performance - immediate tutoring required | â° Monitor attendance - trending toward excessive | ğŸ“š Provide additional academic resources (low parental education) | ğŸ“Š Academic monitoring & support recommended
106,16,18,18,2,3,0,yes,0,0,0,0,0,Low Risk,âœ… Continue current trajectory
107,10,13,13,6,4,0,yes,0,1,0,3,4,Moderate Risk,â° Monitor attendance - trending toward excessive | ğŸš¨ Substance use concern - counseling recommended | âš–ï¸ Balance social life with academics | ğŸ“Š Academic monitoring & support recommended
108,14,15,16,4,3,0,yes,0,0,0,1,1,Low Risk,âš–ï¸ Balance social life with academics | âœ… Continue current trajectory
109,18,19,19,6,1,0,no,0,1,2,2,5,Moderate Risk,ğŸ‘¨â€ğŸ‘©â€ğŸ‘§ Lack of family support - engage parents/guardians | â° Monitor attendance - trending toward excessive | â±ï¸ Study time critically low - create study schedule | ğŸ“Š Academic monitoring & support recommended
110,7,10,10,0,3,1,yes,2,0,0,0,2,Low Risk,ğŸ“– Academic performance needs improvement | âœ… Continue current trajectory
111,10,13,13,6,2,1,no,0,1,3,0,4,Moderate Risk,ğŸ‘¨â€ğŸ‘©â€ğŸ‘§ Lack of family support - engage parents/guardians | â° Monitor attendance - trending toward excessive | ğŸ“š Provide additional academic resources (low parental education) | ğŸ“Š Academic monitoring & support recommended
112,18,19,19,10,1,0,no,0,1,2,2,5,Moderate Risk,ğŸ‘¨â€ğŸ‘©â€ğŸ‘§ Lack of family support - engage parents/guardians | â° Monitor attendance - trending toward excessive | â±ï¸ Study time critically low - create study schedule | ğŸ“Š Academic monitoring & support recommended
113,9,9,9,8,2,0,no,4,1,3,0,8,High Risk,ğŸ“š Critical academic performance - immediate tutoring required | ğŸ‘¨â€ğŸ‘©â€ğŸ‘§ Lack of family support - engage parents/guardians | ğŸ‘¥ Assign mentor/peer support - lacks family backing | â° Monitor attendance - trending toward excessive | ğŸ“š Provide additional academic resources (low parental education) | âš ï¸ Immediate counseling & parental engagement required
114,15,15,16,2,2,0,yes,0,0,0,1,1,Low Risk,âš–ï¸ Balance social life with academics | âœ… Continue current trajectory
115,11,13,14,2,2,0,yes,0,0,0,0,0,Low Risk,âœ… Continue current trajectory
116,13,14,13,0,1,0,no,0,0,2,2,4,Moderate Risk,ğŸ‘¨â€ğŸ‘©â€ğŸ‘§ Lack of family support - engage parents/guardians | â±ï¸ Study time critically low - create study schedule | ğŸ“Š Academic monitoring & support recommended
117,9,7,8,20,2,1,yes,4,3,1,1,9,High Risk,âš ï¸ Excessive absences detected - attendance intervention needed | ğŸ“š Critical academic performance - immediate tutoring required | ğŸš¨ CRITICAL: Multiple high-risk factors - immediate intervention required | ğŸ“š Provide additional academic resources (low parental education) | âš–ï¸ Balance social life with academics
118,14,13,13,6,1,0,no,0,1,2,2,5,Moderate Risk,ğŸ‘¨â€ğŸ‘©â€ğŸ‘§ Lack of family support - engage parents/guardians | â° Monitor attendance - trending toward excessive | â±ï¸ Study time critically low - create study schedule | ğŸ“Š Academic monitoring & support recommended
119,16,15,15,2,2,0,no,0,0,3,0,3,Low Risk,ğŸ‘¨â€ğŸ‘©â€ğŸ‘§ Lack of family support - engage parents/guardians | ğŸ“š Provide additional academic resources (low parental education) | âœ… Continue current trajectory
120,16,14,15,6,4,0,yes,0,1,1,1,3,Low Risk,â° Monitor attendance - trending toward excessive | ğŸ“š Provide additional academic resources (low parental education) | âš–ï¸ Balance social life with academics | âœ… Continue current trajectory
121,13,13,13,2,2,0,yes,0,0,0,0,0,Low Risk,âœ… Continue current trajectory
122,14,11,13,18,1,0,yes,2,3,0,3,8,High Risk,âš ï¸ Excessive absences detected - attendance intervention needed | ğŸ“– Academic performance needs improvement | â±ï¸ Study time critically low - create study schedule | âš–ï¸ Balance social life with academics | âš ï¸ Immediate counseling & parental engagement required
123,8,7,8,0,2,0,no,4,0,3,1,8,High Risk,ğŸ“š Critical academic performance - immediate tutoring required | ğŸ‘¨â€ğŸ‘©â€ğŸ‘§ Lack of family support - engage parents/guardians | ğŸ‘¥ Assign mentor/peer support - lacks family backing | ğŸ“š Provide additional academic resources (low parental education) | âš–ï¸ Balance social life with academics | âš ï¸ Immediate counseling & parental engagement required
124,13,13,12,0,1,0,no,0,0,2,3,5,Moderate Risk,ğŸ‘¨â€ğŸ‘©â€ğŸ‘§ Lack of family support - engage parents/guardians | â±ï¸ Study time critically low - create study schedule | âš–ï¸ Balance social life with academics | ğŸ“Š Academic monitoring & support recommended
125,7,10,11,0,2,0,no,2,0,2,0,4,Moderate Risk,ğŸ‘¨â€ğŸ‘©â€ğŸ‘§ Lack of family support - engage parents/guardians | ğŸ‘¥ Assign mentor/peer support - lacks family backing | ğŸ“– Academic performance needs improvement | ğŸ“Š Academic monitoring & support recommended
126,7,8,9,2,2,3,yes,4,0,1,0,5,Moderate Risk,ğŸ“š Critical academic performance - immediate tutoring required | ğŸ“š Provide additional academic resources (low parental education) | ğŸ“Š Academic monitoring & support recommended
127,7,4,0,0,1,2,yes,4,0,1,2,7,Moderate Risk,ğŸ“š Critical academic performance - immediate tutoring required | ğŸ“š Provide additional academic resources (low parental education) | â±ï¸ Study time critically low - create study schedule | ğŸ“Š Academic monitoring & support recommended
128,18,18,18,8,1,0,no,0,1,2,3,6,Moderate Risk,ğŸ‘¨â€ğŸ‘©â€ğŸ‘§ Lack of family support - engage parents/guardians | â° Monitor attendance - trending toward excessive | â±ï¸ Study time critically low - create study schedule | âš–ï¸ Balance social life with academics | ğŸ“Š Academic monitoring & support recommended
129,12,0,0,0,3,2,yes,4,0,0,0,4,Moderate Risk,ğŸ“š Critical academic performance - immediate tutoring required | ğŸ“Š Academic monitoring & support recommended
130,8,0,0,0,1,0,yes,4,0,1,2,7,Moderate Risk,ğŸ“š Critical academic performance - immediate tutoring required | ğŸ“š Provide additional academic resources (low parental education) | â±ï¸ Study time critically low - create study schedule | ğŸ“Š Academic monitoring & support recommended
131,10,13,12,12,1,0,yes,0,1,1,3,5,Moderate Risk,â° Monitor attendance - trending toward excessive | ğŸ“š Provide additional academic resources (low parental education) | â±ï¸ Study time critically low - create study schedule | âš–ï¸ Balance social life with academics | ğŸ“Š Academic monitoring & support recommended
132,12,11,11,16,1,0,no,2,3,2,2,9,High Risk,âš ï¸ Excessive absences detected - attendance intervention needed | ğŸ‘¨â€ğŸ‘©â€ğŸ‘§ Lack of family support - engage parents/guardians | ğŸ‘¥ Assign mentor/peer support - lacks family backing | ğŸ“– Academic performance needs improvement | â±ï¸ Study time critically low - create study schedule | âš ï¸ Immediate counseling & parental engagement required
133,9,0,0,0,2,0,yes,4,0,0,0,4,Moderate Risk,ğŸ“š Critical academic performance - immediate tutoring required | ğŸ“Š Academic monitoring & support recommended
134,11,0,0,0,3,0,yes,4,0,0,0,4,Moderate Risk,ğŸ“š Critical academic performance - immediate tutoring required | ğŸ“Š Academic monitoring & support recommended
135,10,0,0,0,2,0,no,4,0,2,1,7,Moderate Risk,ğŸ“š Critical academic performance - immediate tutoring required | ğŸ‘¨â€ğŸ‘©â€ğŸ‘§ Lack of family support - engage parents/guardians | ğŸ‘¥ Assign mentor/peer support - lacks family backing | âš–ï¸ Balance social life with academics | ğŸ“Š Academic monitoring & support recommended
136,4,0,0,0,1,2,yes,4,0,0,2,6,Moderate Risk,ğŸ“š Critical academic performance - immediate tutoring required | â±ï¸ Study time critically low - create study schedule | ğŸ“Š Academic monitoring & support recommended
137,14,12,12,0,2,1,no,0,0,3,1,4,Moderate Risk,ğŸ‘¨â€ğŸ‘©â€ğŸ‘§ Lack of family support - engage parents/guardians | ğŸ“š Provide additional academic resources (low parental education) | âš–ï¸ Balance social life with academics | ğŸ“Š Academic monitoring & support recommended
138,16,16,15,0,1,0,no,0,0,2,2,4,Moderate Risk,ğŸ‘¨â€ğŸ‘©â€ğŸ‘§ Lack of family support - engage parents/guardians | â±ï¸ Study time critically low - create study schedule | ğŸ“Š Academic monitoring & support recommended
139,7,9,0,0,4,0,yes,4,0,0,0,4,Moderate Risk,ğŸ“š Critical academic performance - immediate tutoring required | ğŸ“Š Academic monitoring & support recommended
140,9,9,9,8,1,2,yes,4,1,1,2,8,High Risk,ğŸ“š Critical academic performance - immediate tutoring required | â° Monitor attendance - trending toward excessive | ğŸ“š Provide additional academic resources (low parental education) | â±ï¸ Study time critically low - create study schedule | âš ï¸ Immediate counseling & parental engagement required
141,9,11,11,2,3,0,yes,2,0,0,0,2,Low Risk,ğŸ“– Academic performance needs improvement | âœ… Continue current trajectory
142,14,14,13,2,1,0,no,0,0,3,3,6,Moderate Risk,ğŸ‘¨â€ğŸ‘©â€ğŸ‘§ Lack of family support - engage parents/guardians | ğŸ“š Provide additional academic resources (low parental education) | â±ï¸ Study time critically low - create study schedule | âš–ï¸ Balance social life with academics | ğŸ“Š Academic monitoring & support recommended
143,5,0,0,0,1,3,yes,4,0,1,3,8,High Risk,ğŸ“š Critical academic performance - immediate tutoring required | ğŸ“š Provide additional academic resources (low parental education) | â±ï¸ Study time critically low - create study schedule | âš–ï¸ Balance social life with academics | âš ï¸ Immediate counseling & parental engagement required
144,8,11,11,0,2,0,yes,2,0,1,0,3,Low Risk,ğŸ“– Academic performance needs improvement | ğŸ“š Provide additional academic resources (low parental education) | âœ… Continue current trajectory
145,6,7,0,0,2,3,yes,4,0,0,0,4,Moderate Risk,ğŸ“š Critical academic performance - immediate tutoring required | ğŸ“Š Academic monitoring & support recommended
146,10,11,11,2,2,0,yes,2,0,1,0,3,Low Risk,ğŸ“– Academic performance needs improvement | ğŸ“š Provide additional academic resources (low parental education) | âœ… Continue current trajectory
147,7,6,0,0,1,0,yes,4,0,0,2,6,Moderate Risk,ğŸ“š Critical academic performance - immediate tutoring required | â±ï¸ Study time critically low - create study schedule | ğŸ“Š Academic monitoring & support recommended
148,8,9,10,0,1,3,no,4,0,3,3,10,High Risk,ğŸ“š Critical academic performance - immediate tutoring required | ğŸ‘¨â€ğŸ‘©â€ğŸ‘§ Lack of family support - engage parents/guardians | ğŸ‘¥ Assign mentor/peer support - lacks family backing | ğŸ“š Provide additional academic resources (low parental education) | â±ï¸ Study time critically low - create study schedule | âš–ï¸ Balance social life with academics | âš ï¸ Immediate counseling & parental engagement required
149,6,5,0,0,1,3,no,4,0,3,3,10,High Risk,ğŸ“š Critical academic performance - immediate tutoring required | ğŸ‘¨â€ğŸ‘©â€ğŸ‘§ Lack of family support - engage parents/guardians | ğŸ‘¥ Assign mentor/peer support - lacks family backing | ğŸ“š Provide additional academic resources (low parental education) | â±ï¸ Study time critically low - create study schedule | âš–ï¸ Balance social life with academics | âš ï¸ Immediate counseling & parental engagement required
150,12,13,14,6,1,1,no,0,1,3,5,9,High Risk,ğŸ‘¨â€ğŸ‘©â€ğŸ‘§ Lack of family support - engage parents/guardians | â° Monitor attendance - trending toward excessive | ğŸ“š Provide additional academic resources (low parental education) | ğŸš¨ Substance use concern - counseling recommended | â±ï¸ Study time critically low - create study schedule | âš–ï¸ Balance social life with academics | âš ï¸ Immediate counseling & parental engagement required
151,10,10,10,8,3,2,yes,2,1,0,0,3,Low Risk,â° Monitor attendance - trending toward excessive | ğŸ“– Academic performance needs improvement | âœ… Continue current trajectory
152,5,0,0,0,1,3,yes,4,0,0,3,7,Moderate Risk,ğŸ“š Critical academic performance - immediate tutoring required | â±ï¸ Study time critically low - create study schedule | âš–ï¸ Balance social life with academics | ğŸ“Š Academic monitoring & support recommended
153,11,11,12,0,1,0,yes,2,0,0,2,4,Moderate Risk,ğŸ“– Academic performance needs improvement | â±ï¸ Study time critically low - create study schedule | ğŸ“Š Academic monitoring & support recommended
154,11,8,8,2,2,0,no,4,0,2,1,7,Moderate Risk,ğŸ“š Critical academic performance - immediate tutoring required | ğŸ‘¨â€ğŸ‘©â€ğŸ‘§ Lack of family support - engage parents/guardians | ğŸ‘¥ Assign mentor/peer support - lacks family backing | âš–ï¸ Balance social life with academics | ğŸ“Š Academic monitoring & support recommended
155,16,12,13,8,1,0,no,0,1,3,2,6,Moderate Risk,ğŸ‘¨â€ğŸ‘©â€ğŸ‘§ Lack of family support - engage parents/guardians | â° Monitor attendance - trending toward excessive | ğŸ“š Provide additional academic resources (low parental education) | â±ï¸ Study time critically low - create study schedule | ğŸ“Š Academic monitoring & support recommended
156,9,8,10,6,1,3,yes,4,1,1,3,9,High Risk,ğŸ“š Critical academic performance - immediate tutoring required | â° Monitor attendance - trending toward excessive | ğŸ“š Provide additional academic resources (low parental education) | â±ï¸ Study time critically low - create study schedule | âš–ï¸ Balance social life with academics | âš ï¸ Immediate counseling & parental engagement required
157,17,15,15,2,1,0,no,0,0,3,2,5,Moderate Risk,ğŸ‘¨â€ğŸ‘©â€ğŸ‘§ Lack of family support - engage parents/guardians | ğŸ“š Provide additional academic resources (low parental education) | â±ï¸ Study time critically low - create study schedule | ğŸ“Š Academic monitoring & support recommended
158,10,12,12,4,2,1,yes,0,0,0,3,3,Low Risk,ğŸš¨ Substance use concern - counseling recommended | âš–ï¸ Balance social life with academics | âœ… Continue current trajectory
159,7,6,0,0,1,2,no,4,0,3,2,9,High Risk,ğŸ“š Critical academic performance - immediate tutoring required | ğŸ‘¨â€ğŸ‘©â€ğŸ‘§ Lack of family support - engage parents/guardians | ğŸ‘¥ Assign mentor/peer support - lacks family backing | ğŸ“š Provide additional academic resources (low parental education) | â±ï¸ Study time critically low - create study schedule | âš ï¸ Immediate counseling & parental engagement required
160,5,9,7,6,2,2,yes,4,1,0,1,6,Moderate Risk,ğŸ“š Critical academic performance - immediate tutoring required | â° Monitor attendance - trending toward excessive | âš–ï¸ Balance social life with academics | ğŸ“Š Academic monitoring & support recommended
161,7,0,0,0,1,1,no,4,0,3,3,10,High Risk,ğŸ“š Critical academic performance - immediate tutoring required | ğŸ‘¨â€ğŸ‘©â€ğŸ‘§ Lack of family support - engage parents/guardians | ğŸ‘¥ Assign mentor/peer support - lacks family backing | ğŸ“š Provide additional academic resources (low parental education) | â±ï¸ Study time critically low - create study schedule | âš–ï¸ Balance social life with academics | âš ï¸ Immediate counseling & parental engagement required
162,10,10,10,2,1,0,no,2,0,3,2,7,Moderate Risk,ğŸ‘¨â€ğŸ‘©â€ğŸ‘§ Lack of family support - engage parents/guardians | ğŸ‘¥ Assign mentor/peer support - lacks family backing | ğŸ“– Academic performance needs improvement | ğŸ“š Provide additional academic resources (low parental education) | â±ï¸ Study time critically low - create study schedule | ğŸ“Š Academic monitoring & support recommended
163,5,8,7,0,2,3,no,4,0,3,1,8,High Risk,ğŸ“š Critical academic performance - immediate tutoring required | ğŸ‘¨â€ğŸ‘©â€ğŸ‘§ Lack of family support - engage parents/guardians | ğŸ‘¥ Assign mentor/peer support - lacks family backing | ğŸ“š Provide additional academic resources (low parental education) | âš–ï¸ Balance social life with academics | âš ï¸ Immediate counseling & parental engagement required
164,12,11,12,16,1,1,yes,2,3,0,2,7,Moderate Risk,âš ï¸ Excessive absences detected - attendance intervention needed | ğŸ“– Academic performance needs improvement | â±ï¸ Study time critically low - create study schedule | ğŸ“Š Academic monitoring & support recommended
165,10,10,10,4,2,0,no,2,0,3,1,6,Moderate Risk,ğŸ‘¨â€ğŸ‘©â€ğŸ‘§ Lack of family support - engage parents/guardians | ğŸ‘¥ Assign mentor/peer support - lacks family backing | ğŸ“– Academic performance needs improvement | ğŸ“š Provide additional academic resources (low parental education) | âš–ï¸ Balance social life with academics | ğŸ“Š Academic monitoring & support recommended
166,14,15,16,0,2,0,no,0,0,2,0,2,Low Risk,ğŸ‘¨â€ğŸ‘©â€ğŸ‘§ Lack of family support - engage parents/guardians | âœ… Continue current trajectory
167,6,7,0,0,2,0,yes,4,0,1,1,6,Moderate Risk,ğŸ“š Critical academic performance - immediate tutoring required | ğŸ“š Provide additional academic resources (low parental education) | âš–ï¸ Balance social life with academics | ğŸ“Š Academic monitoring & support recommended
168,14,14,14,0,2,0,yes,0,0,0,0,0,Low Risk,âœ… Continue current trajectory
169,6,5,0,0,1,2,yes,4,0,0,3,7,Moderate Risk,ğŸ“š Critical academic performance - immediate tutoring required | â±ï¸ Study time critically low - create study schedule | âš–ï¸ Balance social life with academics | ğŸ“Š Academic monitoring & support recommended
170,13,15,16,2,2,0,yes,0,0,1,0,1,Low Risk,ğŸ“š Provide additional academic resources (low parental education) | âœ… Continue current trajectory
171,13,11,10,0,2,0,yes,2,0,0,1,3,Low Risk,ğŸ“– Academic performance needs improvement | âš–ï¸ Balance social life with academics | âœ… Continue current trajectory
172,8,7,0,0,2,3,no,4,0,3,1,8,High Risk,ğŸ“š Critical academic performance - immediate tutoring required | ğŸ‘¨â€ğŸ‘©â€ğŸ‘§ Lack of family support - engage parents/guardians | ğŸ‘¥ Assign mentor/peer support - lacks family backing | ğŸ“š Provide additional academic resources (low parental education) | âš–ï¸ Balance social life with academics | âš ï¸ Immediate counseling & parental engagement required
173,10,11,9,4,2,0,yes,2,0,0,1,3,Low Risk,ğŸ“– Academic performance needs improvement | âš–ï¸ Balance social life with academics | âœ… Continue current trajectory
174,10,9,9,4,2,0,no,4,0,2,3,9,High Risk,ğŸ“š Critical academic performance - immediate tutoring required | ğŸ‘¨â€ğŸ‘©â€ğŸ‘§ Lack of family support - engage parents/guardians | ğŸ‘¥ Assign mentor/peer support - lacks family backing | ğŸš¨ Substance use concern - counseling recommended | âš–ï¸ Balance social life with academics | âš ï¸ Immediate counseling & parental engagement required
175,13,13,11,2,2,0,no,0,0,3,1,4,Moderate Risk,ğŸ‘¨â€ğŸ‘©â€ğŸ‘§ Lack of family support - engage parents/guardians | ğŸ“š Provide additional academic resources (low parental education) | âš–ï¸ Balance social life with academics | ğŸ“Š Academic monitoring & support recommended
176,6,5,6,4,2,0,no,4,0,2,1,7,Moderate Risk,ğŸ“š Critical academic performance - immediate tutoring required | ğŸ‘¨â€ğŸ‘©â€ğŸ‘§ Lack of family support - engage parents/guardians | ğŸ‘¥ Assign mentor/peer support - lacks family backing | âš–ï¸ Balance social life with academics | ğŸ“Š Academic monitoring & support recommended
177,10,8,9,10,1,0,yes,4,1,0,2,7,Moderate Risk,ğŸ“š Critical academic performance - immediate tutoring required | â° Monitor attendance - trending toward excessive | â±ï¸ Study time critically low - create study schedule | ğŸ“Š Academic monitoring & support recommended
178,10,10,11,4,2,0,yes,2,0,0,0,2,Low Risk,ğŸ“– Academic performance needs improvement | âœ… Continue current trajectory
179,9,8,8,10,2,0,yes,4,1,0,0,5,Moderate Risk,ğŸ“š Critical academic performance - immediate tutoring required | â° Monitor attendance - trending toward excessive | ğŸ“Š Academic monitoring & support recommended
180,12,13,12,2,2,0,no,0,0,2,0,2,Low Risk,ğŸ‘¨â€ğŸ‘©â€ğŸ‘§ Lack of family support - engage parents/guardians | âœ… Continue current trajectory
181,16,17,17,0,2,0,yes,0,0,0,0,0,Low Risk,âœ… Continue current trajectory
182,9,9,8,56,2,0,yes,4,3,0,0,7,Moderate Risk,âš ï¸ Excessive absences detected - attendance intervention needed | ğŸ“š Critical academic performance - immediate tutoring required | ğŸš¨ CRITICAL: Multiple high-risk factors - immediate intervention required | ğŸ“Š Academic monitoring & support recommended
183,12,13,12,14,2,0,yes,0,1,0,0,1,Low Risk,â° Monitor attendance - trending toward excessive | âœ… Continue current trajectory
184,12,12,11,12,2,0,yes,0,1,0,1,2,Low Risk,â° Monitor attendance - trending toward excessive | âš–ï¸ Balance social life with academics | âœ… Continue current trajectory
185,11,12,11,2,1,0,yes,0,0,1,2,3,Low Risk,ğŸ“š Provide additional academic resources (low parental education) | â±ï¸ Study time critically low - create study schedule | âœ… Continue current trajectory
186,15,15,15,0,2,0,no,0,0,3,0,3,Low Risk,ğŸ‘¨â€ğŸ‘©â€ğŸ‘§ Lack of family support - engage parents/guardians | ğŸ“š Provide additional academic resources (low parental education) | âœ… Continue current trajectory
187,8,7,9,6,2,0,yes,4,1,0,0,5,Moderate Risk,ğŸ“š Critical academic performance - immediate tutoring required | â° Monitor attendance - trending toward excessive | ğŸ“Š Academic monitoring & support recommended
188,8,9,10,4,2,0,no,4,0,3,0,7,Moderate Risk,ğŸ“š Critical academic performance - immediate tutoring required | ğŸ‘¨â€ğŸ‘©â€ğŸ‘§ Lack of family support - engage parents/guardians | ğŸ‘¥ Assign mentor/peer support - lacks family backing | ğŸ“š Provide additional academic resources (low parental education) | ğŸ“Š Academic monitoring & support recommended
189,11,12,13,10,2,0,no,0,1,2,0,3,Low Risk,ğŸ‘¨â€ğŸ‘©â€ğŸ‘§ Lack of family support - engage parents/guardians | â° Monitor attendance - trending toward excessive | âœ… Continue current trajectory
190,8,8,9,0,2,0,no,4,0,3,0,7,Moderate Risk,ğŸ“š Critical academic performance - immediate tutoring required | ğŸ‘¨â€ğŸ‘©â€ğŸ‘§ Lack of family support - engage parents/guardians | ğŸ‘¥ Assign mentor/peer support - lacks family backing | ğŸ“š Provide additional academic resources (low parental education) | ğŸ“Š Academic monitoring & support recommended
191,7,8,8,12,2,0,no,4,1,3,3,11,High Risk,ğŸ“š Critical academic performance - immediate tutoring required | ğŸ‘¨â€ğŸ‘©â€ğŸ‘§ Lack of family support - engage parents/guardians | ğŸ‘¥ Assign mentor/peer support - lacks family backing | â° Monitor attendance - trending toward excessive | ğŸ“š Provide additional academic resources (low parental education) | ğŸš¨ Substance use concern - counseling recommended | âš–ï¸ Balance social life with academics | âš ï¸ Immediate counseling & parental engagement required
192,8,9,10,8,1,0,yes,4,1,0,2,7,Moderate Risk,ğŸ“š Critical academic performance - immediate tutoring required | â° Monitor attendance - trending toward excessive | â±ï¸ Study time critically low - create study schedule | ğŸ“Š Academic monitoring & support recommended
193,13,14,14,0,1,0,no,0,0,2,2,4,Moderate Risk,ğŸ‘¨â€ğŸ‘©â€ğŸ‘§ Lack of family support - engage parents/guardians | â±ï¸ Study time critically low - create study schedule | ğŸ“Š Academic monitoring & support recommended
194,14,15,15,0,2,0,no,0,0,2,0,2,Low Risk,ğŸ‘¨â€ğŸ‘©â€ğŸ‘§ Lack of family support - engage parents/guardians | âœ… Continue current trajectory
195,17,15,16,4,1,0,no,0,0,2,2,4,Moderate Risk,ğŸ‘¨â€ğŸ‘©â€ğŸ‘§ Lack of family support - engage parents/guardians | â±ï¸ Study time critically low - create study schedule | ğŸ“Š Academic monitoring & support recommended
196,9,9,10,8,1,0,yes,4,1,0,5,10,High Risk,ğŸ“š Critical academic performance - immediate tutoring required | â° Monitor attendance - trending toward excessive | ğŸš¨ Substance use concern - counseling recommended | â±ï¸ Study time critically low - create study schedule | âš–ï¸ Balance social life with academics | âš ï¸ Immediate counseling & parental engagement required
197,18,18,18,24,1,1,yes,0,3,0,3,6,Moderate Risk,âš ï¸ Excessive absences detected - attendance intervention needed | â±ï¸ Study time critically low - create study schedule | âš–ï¸ Balance social life with academics | ğŸ“Š Academic monitoring & support recommended
198,9,9,10,0,2,0,yes,4,0,0,0,4,Moderate Risk,ğŸ“š Critical academic performance - immediate tutoring required | ğŸ“Š Academic monitoring & support recommended
199,16,16,16,2,2,0,yes,0,0,0,1,1,Low Risk,âš–ï¸ Balance social life with academics | âœ… Continue current trajectory
200,8,10,10,6,2,0,yes,2,1,0,0,3,Low Risk,â° Monitor attendance - trending toward excessive | ğŸ“– Academic performance needs improvement | âœ… Continue current trajectory
201,9,9,10,4,2,0,yes,4,0,1,1,6,Moderate Risk,ğŸ“š Critical academic performance - immediate tutoring required | ğŸ“š Provide additional academic resources (low parental education) | âš–ï¸ Balance social life with academics | ğŸ“Š Academic monitoring & support recommended
202,7,6,6,18,1,0,yes,4,3,1,2,10,High Risk,âš ï¸ Excessive absences detected - attendance intervention needed | ğŸ“š Critical academic performance - immediate tutoring required | ğŸš¨ CRITICAL: Multiple high-risk factors - immediate intervention required | ğŸ“š Provide additional academic resources (low parental education) | â±ï¸ Study time critically low - create study schedule
203,10,10,11,6,4,0,yes,2,1,1,1,5,Moderate Risk,â° Monitor attendance - trending toward excessive | ğŸ“– Academic performance needs improvement | ğŸ“š Provide additional academic resources (low parental education) | âš–ï¸ Balance social life with academics | ğŸ“Š Academic monitoring & support recommended
204,10,9,9,28,3,1,yes,4,3,0,0,7,Moderate Risk,âš ï¸ Excessive absences detected - attendance intervention needed | ğŸ“š Critical academic performance - immediate tutoring required | ğŸš¨ CRITICAL: Multiple high-risk factors - immediate intervention required | ğŸ“Š Academic monitoring & support recommended
205,7,7,7,5,2,3,yes,4,1,1,0,6,Moderate Risk,ğŸ“š Critical academic performance - immediate tutoring required | â° Monitor attendance - trending toward excessive | ğŸ“š Provide additional academic resources (low parental education) | ğŸ“Š Academic monitoring & support recommended
206,11,12,13,10,2,0,no,0,1,2,0,3,Low Risk,ğŸ‘¨â€ğŸ‘©â€ğŸ‘§ Lack of family support - engage parents/guardians | â° Monitor attendance - trending toward excessive | âœ… Continue current trajectory
207,9,9,10,6,1,0,yes,4,1,1,2,8,High Risk,ğŸ“š Critical academic performance - immediate tutoring required | â° Monitor attendance - trending toward excessive | ğŸ“š Provide additional academic resources (low parental education) | â±ï¸ Study time critically low - create study schedule | âš ï¸ Immediate counseling & parental engagement required
208,7,7,7,6,3,0,yes,4,1,0,0,5,Moderate Risk,ğŸ“š Critical academic performance - immediate tutoring required | â° Monitor attendance - trending toward excessive | ğŸ“Š Academic monitoring & support recommended
209,8,8,8,10,4,0,yes,4,1,0,0,5,Moderate Risk,ğŸ“š Critical academic performance - immediate tutoring required | â° Monitor attendance - trending toward excessive | ğŸ“Š Academic monitoring & support recommended
210,12,12,13,13,2,0,yes,0,1,0,3,4,Moderate Risk,â° Monitor attendance - trending toward excessive | ğŸš¨ Substance use concern - counseling recommended | âš–ï¸ Balance social life with academics | ğŸ“Š Academic monitoring & support recommended
211,12,13,14,0,2,0,yes,0,0,1,1,2,Low Risk,ğŸ“š Provide additional academic resources (low parental education) | âš–ï¸ Balance social life with academics | âœ… Continue current trajectory
212,6,7,8,15,2,1,yes,4,1,1,1,7,Moderate Risk,ğŸ“š Critical academic performance - immediate tutoring required | â° Monitor attendance - trending toward excessive | ğŸ“š Provide additional academic resources (low parental education) | âš–ï¸ Balance social life with academics | ğŸ“Š Academic monitoring & support recommended
213,8,10,10,12,1,0,yes,2,1,0,2,5,Moderate Risk,â° Monitor attendance - trending toward excessive | ğŸ“– Academic performance needs improvement | â±ï¸ Study time critically low - create study schedule | ğŸ“Š Academic monitoring & support recommended
214,14,15,15,2,2,0,no,0,0,2,1,3,Low Risk,ğŸ‘¨â€ğŸ‘©â€ğŸ‘§ Lack of family support - engage parents/guardians | âš–ï¸ Balance social life with academics | âœ… Continue current trajectory
215,6,6,4,22,2,2,no,4,3,2,1,10,High Risk,âš ï¸ Excessive absences detected - attendance intervention needed | ğŸ“š Critical academic performance - immediate tutoring required | ğŸš¨ CRITICAL: Multiple high-risk factors - immediate intervention required | ğŸ‘¨â€ğŸ‘©â€ğŸ‘§ Lack of family support - engage parents/guardians | ğŸ‘¥ Assign mentor/peer support - lacks family backing | âš–ï¸ Balance social life with academics
216,6,6,8,13,2,1,yes,4,1,0,1,6,Moderate Risk,ğŸ“š Critical academic performance - immediate tutoring required | â° Monitor attendance - trending toward excessive | âš–ï¸ Balance social life with academics | ğŸ“Š Academic monitoring & support recommended
217,7,7,8,3,1,0,yes,4,0,0,2,6,Moderate Risk,ğŸ“š Critical academic performance - immediate tutoring required | â±ï¸ Study time critically low - create study schedule | ğŸ“Š Academic monitoring & support recommended
218,9,10,10,4,3,0,yes,2,0,1,0,3,Low Risk,ğŸ“– Academic performance needs improvement | ğŸ“š Provide additional academic resources (low parental education) | âœ… Continue current trajectory
219,6,6,6,2,2,0,yes,4,0,1,1,6,Moderate Risk,ğŸ“š Critical academic performance - immediate tutoring required | ğŸ“š Provide additional academic resources (low parental education) | âš–ï¸ Balance social life with academics | ğŸ“Š Academic monitoring & support recommended
220,6,5,0,0,3,1,yes,4,0,1,1,6,Moderate Risk,ğŸ“š Critical academic performance - immediate tutoring required | ğŸ“š Provide additional academic resources (low parental education) | âš–ï¸ Balance social life with academics | ğŸ“Š Academic monitoring & support recommended
221,16,16,17,2,2,0,no,0,0,2,0,2,Low Risk,ğŸ‘¨â€ğŸ‘©â€ğŸ‘§ Lack of family support - engage parents/guardians | âœ… Continue current trajectory
222,12,13,13,0,2,0,yes,0,0,1,2,3,Low Risk,ğŸ“š Provide additional academic resources (low parental education) | ğŸš¨ Substance use concern - counseling recommended | âœ… Continue current trajectory
223,13,13,14,0,3,0,yes,0,0,0,0,0,Low Risk,âœ… Continue current trajectory
224,9,8,7,16,2,1,no,4,3,3,0,10,High Risk,âš ï¸ Excessive absences detected - attendance intervention needed | ğŸ“š Critical academic performance - immediate tutoring required | ğŸš¨ CRITICAL: Multiple high-risk factors - immediate intervention required | ğŸ‘¨â€ğŸ‘©â€ğŸ‘§ Lack of family support - engage parents/guardians | ğŸ‘¥ Assign mentor/peer support - lacks family backing | ğŸ“š Provide additional academic resources (low parental education)
225,16,15,15,10,2,0,no,0,1,2,1,4,Moderate Risk,ğŸ‘¨â€ğŸ‘©â€ğŸ‘§ Lack of family support - engage parents/guardians | â° Monitor attendance - trending toward excessive | âš–ï¸ Balance social life with academics | ğŸ“Š Academic monitoring & support recommended
226,12,11,12,2,2,0,yes,2,0,0,0,2,Low Risk,ğŸ“– Academic performance needs improvement | âœ… Continue current trajectory
227,10,8,9,14,2,0,yes,4,1,1,2,8,High Risk,ğŸ“š Critical academic performance - immediate tutoring required | â° Monitor attendance - trending toward excessive | ğŸ“š Provide additional academic resources (low parental education) | ğŸš¨ Substance use concern - counseling recommended | âš ï¸ Immediate counseling & parental engagement required
228,12,10,12,10,3,0,no,2,1,3,0,6,Moderate Risk,ğŸ‘¨â€ğŸ‘©â€ğŸ‘§ Lack of family support - engage parents/guardians | ğŸ‘¥ Assign mentor/peer support - lacks family backing | â° Monitor attendance - trending toward excessive | ğŸ“– Academic performance needs improvement | ğŸ“š Provide additional academic resources (low parental education) | ğŸ“Š Academic monitoring & support recommended
229,13,13,14,14,2,0,no,0,1,2,0,3,Low Risk,ğŸ‘¨â€ğŸ‘©â€ğŸ‘§ Lack of family support - engage parents/guardians | â° Monitor attendance - trending toward excessive | âœ… Continue current trajectory
230,11,11,11,4,2,0,yes,2,0,1,0,3,Low Risk,ğŸ“– Academic performance needs improvement | ğŸ“š Provide additional academic resources (low parental education) | âœ… Continue current trajectory
231,11,9,9,14,2,0,yes,4,1,0,1,6,Moderate Risk,ğŸ“š Critical academic performance - immediate tutoring required | â° Monitor attendance - trending toward excessive | âš–ï¸ Balance social life with academics | ğŸ“Š Academic monitoring & support recommended
232,14,13,13,2,2,0,yes,0,0,0,1,1,Low Risk,âš–ï¸ Balance social life with academics | âœ… Continue current trajectory
233,9,7,6,18,2,0,yes,4,3,1,0,8,High Risk,âš ï¸ Excessive absences detected - attendance intervention needed | ğŸ“š Critical academic performance - immediate tutoring required | ğŸš¨ CRITICAL: Multiple high-risk factors - immediate intervention required | ğŸ“š Provide additional academic resources (low parental education)
234,11,9,10,10,3,0,no,4,1,2,0,7,Moderate Risk,ğŸ“š Critical academic performance - immediate tutoring required | ğŸ‘¨â€ğŸ‘©â€ğŸ‘§ Lack of family support - engage parents/guardians | ğŸ‘¥ Assign mentor/peer support - lacks family backing | â° Monitor attendance - trending toward excessive | ğŸ“Š Academic monitoring & support recommended
235,14,13,13,4,2,0,no,0,0,3,2,5,Moderate Risk,ğŸ‘¨â€ğŸ‘©â€ğŸ‘§ Lack of family support - engage parents/guardians | ğŸ“š Provide additional academic resources (low parental education) | ğŸš¨ Substance use concern - counseling recommended | ğŸ“Š Academic monitoring & support recommended
236,13,12,12,20,1,0,no,0,3,3,2,8,High Risk,âš ï¸ Excessive absences detected - attendance intervention needed | ğŸ‘¨â€ğŸ‘©â€ğŸ‘§ Lack of family support - engage parents/guardians | ğŸ“š Provide additional academic resources (low parental education) | â±ï¸ Study time critically low - create study schedule | âš ï¸ Immediate counseling & parental engagement required
237,13,11,11,2,2,0,no,2,0,3,0,5,Moderate Risk,ğŸ‘¨â€ğŸ‘©â€ğŸ‘§ Lack of family support - engage parents/guardians | ğŸ‘¥ Assign mentor/peer support - lacks family backing | ğŸ“– Academic performance needs improvement | ğŸ“š Provide additional academic resources (low parental education) | ğŸ“Š Academic monitoring & support recommended
238,7,7,0,0,2,1,no,4,0,3,3,10,High Risk,ğŸ“š Critical academic performance - immediate tutoring required | ğŸ‘¨â€ğŸ‘©â€ğŸ‘§ Lack of family support - engage parents/guardians | ğŸ‘¥ Assign mentor/peer support - lacks family backing | ğŸ“š Provide additional academic resources (low parental education) | ğŸš¨ Substance use concern - counseling recommended | âš–ï¸ Balance social life with academics | âš ï¸ Immediate counseling & parental engagement required
239,12,12,12,14,2,0,no,0,1,2,1,4,Moderate Risk,ğŸ‘¨â€ğŸ‘©â€ğŸ‘§ Lack of family support - engage parents/guardians | â° Monitor attendance - trending toward excessive | âš–ï¸ Balance social life with academics | ğŸ“Š Academic monitoring & support recommended
240,10,11,12,2,2,0,yes,2,0,0,0,2,Low Risk,ğŸ“– Academic performance needs improvement | âœ… Continue current trajectory
241,6,0,0,0,1,0,no,4,0,2,3,9,High Risk,ğŸ“š Critical academic performance - immediate tutoring required | ğŸ‘¨â€ğŸ‘©â€ğŸ‘§ Lack of family support - engage parents/guardians | ğŸ‘¥ Assign mentor/peer support - lacks family backing | â±ï¸ Study time critically low - create study schedule | âš–ï¸ Balance social life with academics | âš ï¸ Immediate counseling & parental engagement required
242,13,12,12,0,1,0,no,0,0,2,2,4,Moderate Risk,ğŸ‘¨â€ğŸ‘©â€ğŸ‘§ Lack of family support - engage parents/guardians | â±ï¸ Study time critically low - create study schedule | ğŸ“Š Academic monitoring & support recommended
243,7,0,0,0,3,0,yes,4,0,1,1,6,Moderate Risk,ğŸ“š Critical academic performance - immediate tutoring required | ğŸ“š Provide additional academic resources (low parental education) | âš–ï¸ Balance social life with academics | ğŸ“Š Academic monitoring & support recommended
244,18,18,18,6,1,0,no,0,1,3,2,6,Moderate Risk,ğŸ‘¨â€ğŸ‘©â€ğŸ‘§ Lack of family support - engage parents/guardians | â° Monitor attendance - trending toward excessive | ğŸ“š Provide additional academic resources (low parental education) | â±ï¸ Study time critically low - create study schedule | ğŸ“Š Academic monitoring & support recommended
245,12,12,13,4,1,0,no,0,0,2,2,4,Moderate Risk,ğŸ‘¨â€ğŸ‘©â€ğŸ‘§ Lack of family support - engage parents/guardians | â±ï¸ Study time critically low - create study schedule | ğŸ“Š Academic monitoring & support recommended
246,6,8,8,16,1,3,no,4,3,3,5,15,High Risk,âš ï¸ Excessive absences detected - attendance intervention needed | ğŸ“š Critical academic performance - immediate tutoring required | ğŸš¨ CRITICAL: Multiple high-risk factors - immediate intervention required | ğŸ‘¨â€ğŸ‘©â€ğŸ‘§ Lack of family support - engage parents/guardians | ğŸ‘¥ Assign mentor/peer support - lacks family backing | ğŸ“š Provide additional academic resources (low parental education) | ğŸš¨ Substance use concern - counseling recommended | â±ï¸ Study time critically low - create study schedule | âš–ï¸ Balance social life with academics
247,3,5,5,8,2,1,yes,4,1,0,0,5,Moderate Risk,ğŸ“š Critical academic performance - immediate tutoring required | â° Monitor attendance - trending toward excessive | ğŸ“Š Academic monitoring & support recommended
248,13,15,15,0,1,0,no,0,0,3,2,5,Moderate Risk,ğŸ‘¨â€ğŸ‘©â€ğŸ‘§ Lack of family support - engage parents/guardians | ğŸ“š Provide additional academic resources (low parental education) | â±ï¸ Study time critically low - create study schedule | ğŸ“Š Academic monitoring & support recommended
249,6,8,8,0,1,1,no,4,0,2,3,9,High Risk,ğŸ“š Critical academic performance - immediate tutoring required | ğŸ‘¨â€ğŸ‘©â€ğŸ‘§ Lack of family support - engage parents/guardians | ğŸ‘¥ Assign mentor/peer support - lacks family backing | â±ï¸ Study time critically low - create study schedule | âš–ï¸ Balance social life with academics | âš ï¸ Immediate counseling & parental engagement required
250,7,10,10,6,2,0,yes,2,1,0,0,3,Low Risk,â° Monitor attendance - trending toward excessive | ğŸ“– Academic performance needs improvement | âœ… Continue current trajectory
251,6,9,8,4,1,1,no,4,0,3,3,10,High Risk,ğŸ“š Critical academic performance - immediate tutoring required | ğŸ‘¨â€ğŸ‘©â€ğŸ‘§ Lack of family support - engage parents/guardians | ğŸ‘¥ Assign mentor/peer support - lacks family backing | ğŸ“š Provide additional academic resources (low parental education) | â±ï¸ Study time critically low - create study schedule | âš–ï¸ Balance social life with academics | âš ï¸ Immediate counseling & parental engagement required
252,8,9,8,0,1,0,no,4,0,3,2,9,High Risk,ğŸ“š Critical academic performance - immediate tutoring required | ğŸ‘¨â€ğŸ‘©â€ğŸ‘§ Lack of family support - engage parents/guardians | ğŸ‘¥ Assign mentor/peer support - lacks family backing | ğŸ“š Provide additional academic resources (low parental education) | â±ï¸ Study time critically low - create study schedule | âš ï¸ Immediate counseling & parental engagement required
253,8,12,12,0,1,0,no,0,0,3,2,5,Moderate Risk,ğŸ‘¨â€ğŸ‘©â€ğŸ‘§ Lack of family support - engage parents/guardians | ğŸ“š Provide additional academic resources (low parental education) | â±ï¸ Study time critically low - create study schedule | ğŸ“Š Academic monitoring & support recommended
254,7,9,8,2,1,1,yes,4,0,1,3,8,High Risk,ğŸ“š Critical academic performance - immediate tutoring required | ğŸ“š Provide additional academic resources (low parental education) | â±ï¸ Study time critically low - create study schedule | âš–ï¸ Balance social life with academics | âš ï¸ Immediate counseling & parental engagement required
255,14,12,13,6,4,0,yes,0,1,0,0,1,Low Risk,â° Monitor attendance - trending toward excessive | âœ… Continue current trajectory
256,11,11,11,12,2,0,yes,2,1,0,0,3,Low Risk,â° Monitor attendance - trending toward excessive | ğŸ“– Academic performance needs improvement | âœ… Continue current trajectory
257,15,14,14,8,2,0,no,0,1,3,1,5,Moderate Risk,ğŸ‘¨â€ğŸ‘©â€ğŸ‘§ Lack of family support - engage parents/guardians | â° Monitor attendance - trending toward excessive | ğŸ“š Provide additional academic resources (low parental education) | âš–ï¸ Balance social life with academics | ğŸ“Š Academic monitoring & support recommended
258,10,9,0,0,4,0,no,4,0,3,0,7,Moderate Risk,ğŸ“š Critical academic performance - immediate tutoring required | ğŸ‘¨â€ğŸ‘©â€ğŸ‘§ Lack of family support - engage parents/guardians | ğŸ‘¥ Assign mentor/peer support - lacks family backing | ğŸ“š Provide additional academic resources (low parental education) | ğŸ“Š Academic monitoring & support recommended
259,17,18,18,21,2,0,yes,0,3,0,0,3,Low Risk,âš ï¸ Excessive absences detected - attendance intervention needed | âœ… Continue current trajectory
260,8,8,8,2,2,0,yes,4,0,0,0,4,Moderate Risk,ğŸ“š Critical academic performance - immediate tutoring required | ğŸ“Š Academic monitoring & support recommended
261,13,12,12,1,3,0,no,0,0,2,0,2,Low Risk,ğŸ‘¨â€ğŸ‘©â€ğŸ‘§ Lack of family support - engage parents/guardians | âœ… Continue current trajectory
262,10,9,9,4,3,0,no,4,0,2,0,6,Moderate Risk,ğŸ“š Critical academic performance - immediate tutoring required | ğŸ‘¨â€ğŸ‘©â€ğŸ‘§ Lack of family support - engage parents/guardians | ğŸ‘¥ Assign mentor/peer support - lacks family backing | ğŸ“Š Academic monitoring & support recommended
263,9,10,0,0,3,0,yes,2,0,1,0,3,Low Risk,ğŸ“– Academic performance needs improvement | ğŸ“š Provide additional academic resources (low parental education) | âœ… Continue current trajectory
264,17,17,17,13,2,0,yes,0,1,0,1,2,Low Risk,â° Monitor attendance - trending toward excessive | âš–ï¸ Balance social life with academics | âœ… Continue current trajectory
265,9,9,10,2,2,0,no,4,0,3,1,8,High Risk,ğŸ“š Critical academic performance - immediate tutoring required | ğŸ‘¨â€ğŸ‘©â€ğŸ‘§ Lack of family support - engage parents/guardians | ğŸ‘¥ Assign mentor/peer support - lacks family backing | ğŸ“š Provide additional academic resources (low parental education) | âš–ï¸ Balance social life with academics | âš ï¸ Immediate counseling & parental engagement required
266,12,10,11,8,2,0,no,2,1,2,1,6,Moderate Risk,ğŸ‘¨â€ğŸ‘©â€ğŸ‘§ Lack of family support - engage parents/guardians | ğŸ‘¥ Assign mentor/peer support - lacks family backing | â° Monitor attendance - trending toward excessive | ğŸ“– Academic performance needs improvement | âš–ï¸ Balance social life with academics | ğŸ“Š Academic monitoring & support recommended
267,10,9,10,10,2,0,yes,4,1,0,1,6,Moderate Risk,ğŸ“š Critical academic performance - immediate tutoring required | â° Monitor attendance - trending toward excessive | âš–ï¸ Balance social life with academics | ğŸ“Š Academic monitoring & support recommended
268,6,0,0,0,2,0,yes,4,0,1,1,6,Moderate Risk,ğŸ“š Critical academic performance - immediate tutoring required | ğŸ“š Provide additional academic resources (low parental education) | âš–ï¸ Balance social life with academics | ğŸ“Š Academic monitoring & support recommended
269,9,9,9,15,2,2,yes,4,1,0,1,6,Moderate Risk,ğŸ“š Critical academic performance - immediate tutoring required | â° Monitor attendance - trending toward excessive | âš–ï¸ Balance social life with academics | ğŸ“Š Academic monitoring & support recommended
270,15,14,14,4,4,0,yes,0,0,0,1,1,Low Risk,âš–ï¸ Balance social life with academics | âœ… Continue current trajectory
271,11,11,11,2,2,0,yes,2,0,1,0,3,Low Risk,ğŸ“– Academic performance needs improvement | ğŸ“š Provide additional academic resources (low parental education) | âœ… Continue current trajectory
272,15,14,14,2,2,0,yes,0,0,1,0,1,Low Risk,ğŸ“š Provide additional academic resources (low parental education) | âœ… Continue current trajectory
273,10,10,10,2,2,0,yes,2,0,0,0,2,Low Risk,ğŸ“– Academic performance needs improvement | âœ… Continue current trajectory
274,12,12,12,6,2,0,yes,0,1,1,1,3,Low Risk,â° Monitor attendance - trending toward excessive | ğŸ“š Provide additional academic resources (low parental education) | âš–ï¸ Balance social life with academics | âœ… Continue current trajectory
275,10,9,9,75,2,0,no,4,3,2,0,9,High Risk,âš ï¸ Excessive absences detected - attendance intervention needed | ğŸ“š Critical academic performance - immediate tutoring required | ğŸš¨ CRITICAL: Multiple high-risk factors - immediate intervention required | ğŸ‘¨â€ğŸ‘©â€ğŸ‘§ Lack of family support - engage parents/guardians | ğŸ‘¥ Assign mentor/peer support - lacks family backing
276,9,9,9,22,1,0,no,4,3,2,3,12,High Risk,âš ï¸ Excessive absences detected - attendance intervention needed | ğŸ“š Critical academic performance - immediate tutoring required | ğŸš¨ CRITICAL: Multiple high-risk factors - immediate intervention required | ğŸ‘¨â€ğŸ‘©â€ğŸ‘§ Lack of family support - engage parents/guardians | ğŸ‘¥ Assign mentor/peer support - lacks family backing | â±ï¸ Study time critically low - create study schedule | âš–ï¸ Balance social life with academics
277,9,8,8,15,2,1,yes,4,1,0,1,6,Moderate Risk,ğŸ“š Critical academic performance - immediate tutoring required | â° Monitor attendance - trending toward excessive | âš–ï¸ Balance social life with academics | ğŸ“Š Academic monitoring & support recommended
278,10,11,10,8,1,0,no,2,1,2,2,7,Moderate Risk,ğŸ‘¨â€ğŸ‘©â€ğŸ‘§ Lack of family support - engage parents/guardians | ğŸ‘¥ Assign mentor/peer support - lacks family backing | â° Monitor attendance - trending toward excessive | ğŸ“– Academic performance needs improvement | â±ï¸ Study time critically low - create study schedule | ğŸ“Š Academic monitoring & support recommended
279,8,8,8,30,1,0,no,4,3,2,3,12,High Risk,âš ï¸ Excessive absences detected - attendance intervention needed | ğŸ“š Critical academic performance - immediate tutoring required | ğŸš¨ CRITICAL: Multiple high-risk factors - immediate intervention required | ğŸ‘¨â€ğŸ‘©â€ğŸ‘§ Lack of family support - engage parents/guardians | ğŸ‘¥ Assign mentor/peer support - lacks family backing | â±ï¸ Study time critically low - create study schedule | âš–ï¸ Balance social life with academics
280,11,9,10,19,1,1,no,4,3,2,3,12,High Risk,âš ï¸ Excessive absences detected - attendance intervention needed | ğŸ“š Critical academic performance - immediate tutoring required | ğŸš¨ CRITICAL: Multiple high-risk factors - immediate intervention required | ğŸ‘¨â€ğŸ‘©â€ğŸ‘§ Lack of family support - engage parents/guardians | ğŸ‘¥ Assign mentor/peer support - lacks family backing | â±ï¸ Study time critically low - create study schedule | âš–ï¸ Balance social life with academics
281,12,12,12,1,4,0,yes,0,0,1,0,1,Low Risk,ğŸ“š Provide additional academic resources (low parental education) | âœ… Continue current trajectory
282,8,9,10,4,2,0,no,4,0,3,1,8,High Risk,ğŸ“š Critical academic performance - immediate tutoring required | ğŸ‘¨â€ğŸ‘©â€ğŸ‘§ Lack of family support - engage parents/guardians | ğŸ‘¥ Assign mentor/peer support - lacks family backing | ğŸ“š Provide additional academic resources (low parental education) | âš–ï¸ Balance social life with academics | âš ï¸ Immediate counseling & parental engagement required
283,10,9,11,4,2,0,yes,4,0,1,1,6,Moderate Risk,ğŸ“š Critical academic performance - immediate tutoring required | ğŸ“š Provide additional academic resources (low parental education) | âš–ï¸ Balance social life with academics | ğŸ“Š Academic monitoring & support recommended
284,12,10,11,2,2,0,no,2,0,3,0,5,Moderate Risk,ğŸ‘¨â€ğŸ‘©â€ğŸ‘§ Lack of family support - engage parents/guardians | ğŸ‘¥ Assign mentor/peer support - lacks family backing | ğŸ“– Academic performance needs improvement | ğŸ“š Provide additional academic resources (low parental education) | ğŸ“Š Academic monitoring & support recommended
285,18,18,19,5,3,0,yes,0,1,1,0,2,Low Risk,â° Monitor attendance - trending toward excessive | ğŸ“š Provide additional academic resources (low parental education) | âœ… Continue current trajectory
286,13,12,12,6,3,0,yes,0,1,1,0,2,Low Risk,â° Monitor attendance - trending toward excessive | ğŸ“š Provide additional academic resources (low parental education) | âœ… Continue current trajectory
287,15,14,14,6,3,0,no,0,1,3,1,5,Moderate Risk,ğŸ‘¨â€ğŸ‘©â€ğŸ‘§ Lack of family support - engage parents/guardians | â° Monitor attendance - trending toward excessive | ğŸ“š Provide additional academic resources (low parental education) | âš–ï¸ Balance social life with academics | ğŸ“Š Academic monitoring & support recommended
288,15,13,15,9,2,0,yes,0,1,0,0,1,Low Risk,â° Monitor attendance - trending toward excessive | âœ… Continue current trajectory
289,12,11,11,11,2,0,yes,2,1,0,0,3,Low Risk,â° Monitor attendance - trending toward excessive | ğŸ“– Academic performance needs improvement | âœ… Continue current trajectory
290,15,15,15,0,3,0,yes,0,0,0,0,0,Low Risk,âœ… Continue current trajectory
291,12,12,13,12,2,1,no,0,1,3,0,4,Moderate Risk,ğŸ‘¨â€ğŸ‘©â€ğŸ‘§ Lack of family support - engage parents/guardians | â° Monitor attendance - trending toward excessive | ğŸ“š Provide additional academic resources (low parental education) | ğŸ“Š Academic monitoring & support recommended
292,18,18,18,6,4,0,yes,0,1,1,0,2,Low Risk,â° Monitor attendance - trending toward excessive | ğŸ“š Provide additional academic resources (low parental education) | âœ… Continue current trajectory
293,14,13,14,8,3,0,yes,0,1,0,0,1,Low Risk,â° Monitor attendance - trending toward excessive | âœ… Continue current trajectory
294,14,12,11,4,1,0,yes,0,0,0,2,2,Low Risk,â±ï¸ Study time critically low - create study schedule | âœ… Continue current trajectory
295,10,9,0,0,2,0,yes,4,0,0,1,5,Moderate Risk,ğŸ“š Critical academic performance - immediate tutoring required | âš–ï¸ Balance social life with academics | ğŸ“Š Academic monitoring & support recommended
296,10,8,8,10,2,0,yes,4,1,0,1,6,Moderate Risk,ğŸ“š Critical academic performance - immediate tutoring required | â° Monitor attendance - trending toward excessive | âš–ï¸ Balance social life with academics | ğŸ“Š Academic monitoring & support recommended
297,14,13,14,0,4,0,yes,0,0,0,0,0,Low Risk,âœ… Continue current trajectory
298,16,15,16,5,1,0,yes,0,1,0,2,3,Low Risk,â° Monitor attendance - trending toward excessive | â±ï¸ Study time critically low - create study schedule | âœ… Continue current trajectory
299,12,10,11,14,2,0,yes,2,1,0,1,4,Moderate Risk,â° Monitor attendance - trending toward excessive | ğŸ“– Academic performance needs improvement | âš–ï¸ Balance social life with academics | ğŸ“Š Academic monitoring & support recommended
300,11,11,10,0,1,0,no,2,0,2,2,6,Moderate Risk,ğŸ‘¨â€ğŸ‘©â€ğŸ‘§ Lack of family support - engage parents/guardians | ğŸ‘¥ Assign mentor/peer support - lacks family backing | ğŸ“– Academic performance needs improvement | â±ï¸ Study time critically low - create study schedule | ğŸ“Š Academic monitoring & support recommended
301,15,12,14,0,3,0,yes,0,0,0,0,0,Low Risk,âœ… Continue current trajectory
302,17,17,18,0,4,0,yes,0,0,0,0,0,Low Risk,âœ… Continue current trajectory
303,15,14,13,20,2,1,yes,0,3,0,1,4,Moderate Risk,âš ï¸ Excessive absences detected - attendance intervention needed | âš–ï¸ Balance social life with academics | ğŸ“Š Academic monitoring & support recommended
304,14,12,12,8,2,1,yes,0,1,0,0,1,Low Risk,â° Monitor attendance - trending toward excessive | âœ… Continue current trajectory
305,17,18,18,0,1,0,no,0,0,2,2,4,Moderate Risk,ğŸ‘¨â€ğŸ‘©â€ğŸ‘§ Lack of family support - engage parents/guardians | â±ï¸ Study time critically low - create study schedule | ğŸ“Š Academic monitoring & support recommended
306,8,9,8,38,1,1,yes,4,3,0,3,10,High Risk,âš ï¸ Excessive absences detected - attendance intervention needed | ğŸ“š Critical academic performance - immediate tutoring required | ğŸš¨ CRITICAL: Multiple high-risk factors - immediate intervention required | â±ï¸ Study time critically low - create study schedule | âš–ï¸ Balance social life with academics
307,15,12,12,0,2,1,no,0,0,2,0,2,Low Risk,ğŸ‘¨â€ğŸ‘©â€ğŸ‘§ Lack of family support - engage parents/guardians | âœ… Continue current trajectory
308,12,10,10,18,2,1,yes,2,3,1,0,6,Moderate Risk,âš ï¸ Excessive absences detected - attendance intervention needed | ğŸ“– Academic performance needs improvement | ğŸ“š Provide additional academic resources (low parental education) | ğŸ“Š Academic monitoring & support recommended
309,9,9,0,0,2,1,no,4,0,3,1,8,High Risk,ğŸ“š Critical academic performance - immediate tutoring required | ğŸ‘¨â€ğŸ‘©â€ğŸ‘§ Lack of family support - engage parents/guardians | ğŸ‘¥ Assign mentor/peer support - lacks family backing | ğŸ“š Provide additional academic resources (low parental education) | âš–ï¸ Balance social life with academics | âš ï¸ Immediate counseling & parental engagement required
310,14,12,13,20,2,0,yes,0,3,1,0,4,Moderate Risk,âš ï¸ Excessive absences detected - attendance intervention needed | ğŸ“š Provide additional academic resources (low parental education) | ğŸ“Š Academic monitoring & support recommended
311,13,11,11,3,2,1,no,2,0,3,0,5,Moderate Risk,ğŸ‘¨â€ğŸ‘©â€ğŸ‘§ Lack of family support - engage parents/guardians | ğŸ‘¥ Assign mentor/peer support - lacks family backing | ğŸ“– Academic performance needs improvement | ğŸ“š Provide additional academic resources (low parental education) | ğŸ“Š Academic monitoring & support recommended
312,13,10,11,22,2,1,yes,2,3,0,0,5,Moderate Risk,âš ï¸ Excessive absences detected - attendance intervention needed | ğŸ“– Academic performance needs improvement | ğŸ“Š Academic monitoring & support recommended
313,15,13,13,14,3,2,no,0,1,3,0,4,Moderate Risk,ğŸ‘¨â€ğŸ‘©â€ğŸ‘§ Lack of family support - engage parents/guardians | â° Monitor attendance - trending toward excessive | ğŸ“š Provide additional academic resources (low parental education) | ğŸ“Š Academic monitoring & support recommended
314,13,11,11,40,3,1,no,2,3,2,0,7,Moderate Risk,âš ï¸ Excessive absences detected - attendance intervention needed | ğŸ‘¨â€ğŸ‘©â€ğŸ‘§ Lack of family support - engage parents/guardians | ğŸ‘¥ Assign mentor/peer support - lacks family backing | ğŸ“– Academic performance needs improvement | ğŸ“Š Academic monitoring & support recommended
315,8,8,0,0,2,0,yes,4,0,1,0,5,Moderate Risk,ğŸ“š Critical academic performance - immediate tutoring required | ğŸ“š Provide additional academic resources (low parental education) | ğŸ“Š Academic monitoring & support recommended
316,9,10,9,9,3,0,yes,2,1,0,1,4,Moderate Risk,â° Monitor attendance - trending toward excessive | ğŸ“– Academic performance needs improvement | âš–ï¸ Balance social life with academics | ğŸ“Š Academic monitoring & support recommended
317,11,11,10,0,3,0,yes,2,0,0,1,3,Low Risk,ğŸ“– Academic performance needs improvement | âš–ï¸ Balance social life with academics | âœ… Continue current trajectory
318,11,11,11,2,2,0,yes,2,0,0,1,3,Low Risk,ğŸ“– Academic performance needs improvement | âš–ï¸ Balance social life with academics | âœ… Continue current trajectory
319,13,13,13,23,2,0,yes,0,3,0,0,3,Low Risk,âš ï¸ Excessive absences detected - attendance intervention needed | âœ… Continue current trajectory
320,11,9,9,12,2,0,yes,4,1,1,0,6,Moderate Risk,ğŸ“š Critical academic performance - immediate tutoring required | â° Monitor attendance - trending toward excessive | ğŸ“š Provide additional academic resources (low parental education) | ğŸ“Š Academic monitoring & support recommended
321,11,11,11,3,3,0,yes,2,0,1,0,3,Low Risk,ğŸ“– Academic performance needs improvement | ğŸ“š Provide additional academic resources (low parental education) | âœ… Continue current trajectory
322,12,14,15,1,3,0,yes,0,0,1,0,1,Low Risk,ğŸ“š Provide additional academic resources (low parental education) | âœ… Continue current trajectory
323,16,15,15,0,3,0,no,0,0,3,0,3,Low Risk,ğŸ‘¨â€ğŸ‘©â€ğŸ‘§ Lack of family support - engage parents/guardians | ğŸ“š Provide additional academic resources (low parental education) | âœ… Continue current trajectory
324,9,12,11,3,3,0,no,0,0,2,0,2,Low Risk,ğŸ‘¨â€ğŸ‘©â€ğŸ‘§ Lack of family support - engage parents/guardians | âœ… Continue current trajectory
325,14,15,16,3,1,0,no,0,0,2,5,7,Moderate Risk,ğŸ‘¨â€ğŸ‘©â€ğŸ‘§ Lack of family support - engage parents/guardians | ğŸš¨ Substance use concern - counseling recommended | â±ï¸ Study time critically low - create study schedule | âš–ï¸ Balance social life with academics | ğŸ“Š Academic monitoring & support recommended
326,11,10,10,8,1,0,yes,2,1,1,5,9,High Risk,â° Monitor attendance - trending toward excessive | ğŸ“– Academic performance needs improvement | ğŸ“š Provide additional academic resources (low parental education) | ğŸš¨ Substance use concern - counseling recommended | â±ï¸ Study time critically low - create study schedule | âš–ï¸ Balance social life with academics | âš ï¸ Immediate counseling & parental engagement required
327,10,9,9,7,3,0,yes,4,1,0,1,6,Moderate Risk,ğŸ“š Critical academic performance - immediate tutoring required | â° Monitor attendance - trending toward excessive | âš–ï¸ Balance social life with academics | ğŸ“Š Academic monitoring & support recommended
328,14,14,14,4,3,0,yes,0,0,0,0,0,Low Risk,âœ… Continue current trajectory
329,9,8,8,2,4,0,yes,4,0,1,1,6,Moderate Risk,ğŸ“š Critical academic performance - immediate tutoring required | ğŸ“š Provide additional academic resources (low parental education) | âš–ï¸ Balance social life with academics | ğŸ“Š Academic monitoring & support recommended
330,12,14,14,7,3,0,yes,0,1,0,0,1,Low Risk,â° Monitor attendance - trending toward excessive | âœ… Continue current trajectory
331,7,0,0,0,2,0,no,4,0,2,1,7,Moderate Risk,ğŸ“š Critical academic performance - immediate tutoring required | ğŸ‘¨â€ğŸ‘©â€ğŸ‘§ Lack of family support - engage parents/guardians | ğŸ‘¥ Assign mentor/peer support - lacks family backing | âš–ï¸ Balance social life with academics | ğŸ“Š Academic monitoring & support recommended
332,8,8,0,0,2,0,no,4,0,3,0,7,Moderate Risk,ğŸ“š Critical academic performance - immediate tutoring required | ğŸ‘¨â€ğŸ‘©â€ğŸ‘§ Lack of family support - engage parents/guardians | ğŸ‘¥ Assign mentor/peer support - lacks family backing | ğŸ“š Provide additional academic resources (low parental education) | ğŸ“Š Academic monitoring & support recommended
333,10,9,0,0,4,0,no,4,0,3,1,8,High Risk,ğŸ“š Critical academic performance - immediate tutoring required | ğŸ‘¨â€ğŸ‘©â€ğŸ‘§ Lack of family support - engage parents/guardians | ğŸ‘¥ Assign mentor/peer support - lacks family backing | ğŸ“š Provide additional academic resources (low parental education) | âš–ï¸ Balance social life with academics | âš ï¸ Immediate counseling & parental engagement required
334,16,15,15,16,3,0,no,0,3,2,1,6,Moderate Risk,âš ï¸ Excessive absences detected - attendance intervention needed | ğŸ‘¨â€ğŸ‘©â€ğŸ‘§ Lack of family support - engage parents/guardians | âš–ï¸ Balance social life with academics | ğŸ“Š Academic monitoring & support recommended
335,14,13,13,12,3,1,no,0,1,3,0,4,Moderate Risk,ğŸ‘¨â€ğŸ‘©â€ğŸ‘§ Lack of family support - engage parents/guardians | â° Monitor attendance - trending toward excessive | ğŸ“š Provide additional academic resources (low parental education) | ğŸ“Š Academic monitoring & support recommended
336,7,8,0,0,2,0,yes,4,0,0,0,4,Moderate Risk,ğŸ“š Critical academic performance - immediate tutoring required | ğŸ“Š Academic monitoring & support recommended
337,16,15,17,7,4,0,yes,0,1,0,0,1,Low Risk,â° Monitor attendance - trending toward excessive | âœ… Continue current trajectory
338,9,10,10,4,2,0,yes,2,0,0,0,2,Low Risk,ğŸ“– Academic performance needs improvement | âœ… Continue current trajectory
339,11,12,11,4,3,1,no,0,0,3,1,4,Moderate Risk,ğŸ‘¨â€ğŸ‘©â€ğŸ‘§ Lack of family support - engage parents/guardians | ğŸ“š Provide additional academic resources (low parental education) | âš–ï¸ Balance social life with academics | ğŸ“Š Academic monitoring & support recommended
340,10,10,0,0,2,1,yes,2,0,0,0,2,Low Risk,ğŸ“– Academic performance needs improvement | âœ… Continue current trajectory
341,16,15,15,11,2,0,no,0,1,2,0,3,Low Risk,ğŸ‘¨â€ğŸ‘©â€ğŸ‘§ Lack of family support - engage parents/guardians | â° Monitor attendance - trending toward excessive | âœ… Continue current trajectory
342,9,8,0,0,2,1,yes,4,0,1,0,5,Moderate Risk,ğŸ“š Critical academic performance - immediate tutoring required | ğŸ“š Provide additional academic resources (low parental education) | ğŸ“Š Academic monitoring & support recommended
343,11,10,10,4,3,0,yes,2,0,0,0,2,Low Risk,ğŸ“– Academic performance needs improvement | âœ… Continue current trajectory
344,13,13,14,7,3,0,no,0,1,2,0,3,Low Risk,ğŸ‘¨â€ğŸ‘©â€ğŸ‘§ Lack of family support - engage parents/guardians | â° Monitor attendance - trending toward excessive | âœ… Continue current trajectory
345,16,15,16,9,3,0,no,0,1,2,0,3,Low Risk,ğŸ‘¨â€ğŸ‘©â€ğŸ‘§ Lack of family support - engage parents/guardians | â° Monitor attendance - trending toward excessive | âœ… Continue current trajectory
346,10,10,9,0,3,0,yes,2,0,0,1,3,Low Risk,ğŸ“– Academic performance needs improvement | âš–ï¸ Balance social life with academics | âœ… Continue current trajectory
347,13,15,15,0,3,0,yes,0,0,0,0,0,Low Risk,âœ… Continue current trajectory
348,11,13,13,10,1,1,yes,0,1,0,5,6,Moderate Risk,â° Monitor attendance - trending toward excessive | ğŸš¨ Substance use concern - counseling recommended | â±ï¸ Study time critically low - create study schedule | âš–ï¸ Balance social life with academics | ğŸ“Š Academic monitoring & support recommended
349,8,7,8,8,2,3,no,4,1,3,1,9,High Risk,ğŸ“š Critical academic performance - immediate tutoring required | ğŸ‘¨â€ğŸ‘©â€ğŸ‘§ Lack of family support - engage parents/guardians | ğŸ‘¥ Assign mentor/peer support - lacks family backing | â° Monitor attendance - trending toward excessive | ğŸ“š Provide additional academic resources (low parental education) | âš–ï¸ Balance social life with academics | âš ï¸ Immediate counseling & parental engagement required
350,13,13,13,2,2,0,yes,0,0,0,1,1,Low Risk,âš–ï¸ Balance social life with academics | âœ… Continue current trajectory
351,8,7,8,7,1,1,no,4,1,3,2,10,High Risk,ğŸ“š Critical academic performance - immediate tutoring required | ğŸ‘¨â€ğŸ‘©â€ğŸ‘§ Lack of family support - engage parents/guardians | ğŸ‘¥ Assign mentor/peer support - lacks family backing | â° Monitor attendance - trending toward excessive | ğŸ“š Provide additional academic resources (low parental education) | â±ï¸ Study time critically low - create study schedule | âš ï¸ Immediate counseling & parental engagement required
352,8,8,8,4,1,1,yes,4,0,1,3,8,High Risk,ğŸ“š Critical academic performance - immediate tutoring required | ğŸ“š Provide additional academic resources (low parental education) | â±ï¸ Study time critically low - create study schedule | âš–ï¸ Balance social life with academics | âš ï¸ Immediate counseling & parental engagement required
353,13,11,11,4,2,0,yes,2,0,0,1,3,Low Risk,ğŸ“– Academic performance needs improvement | âš–ï¸ Balance social life with academics | âœ… Continue current trajectory
354,10,9,9,0,2,0,yes,4,0,0,1,5,Moderate Risk,ğŸ“š Critical academic performance - immediate tutoring required | âš–ï¸ Balance social life with academics | ğŸ“Š Academic monitoring & support recommended
355,12,13,13,4,2,0,yes,0,0,0,0,0,Low Risk,âœ… Continue current trajectory
356,12,12,11,2,2,0,no,0,0,2,0,2,Low Risk,ğŸ‘¨â€ğŸ‘©â€ğŸ‘§ Lack of family support - engage parents/guardians | âœ… Continue current trajectory
357,10,10,10,4,1,0,no,2,0,3,2,7,Moderate Risk,ğŸ‘¨â€ğŸ‘©â€ğŸ‘§ Lack of family support - engage parents/guardians | ğŸ‘¥ Assign mentor/peer support - lacks family backing | ğŸ“– Academic performance needs improvement | ğŸ“š Provide additional academic resources (low parental education) | â±ï¸ Study time critically low - create study schedule | ğŸ“Š Academic monitoring & support recommended
358,18,16,16,0,3,0,no,0,0,3,0,3,Low Risk,ğŸ‘¨â€ğŸ‘©â€ğŸ‘§ Lack of family support - engage parents/guardians | ğŸ“š Provide additional academic resources (low parental education) | âœ… Continue current trajectory
359,13,13,13,0,2,0,no,0,0,2,1,3,Low Risk,ğŸ‘¨â€ğŸ‘©â€ğŸ‘§ Lack of family support - engage parents/guardians | âš–ï¸ Balance social life with academics | âœ… Continue current trajectory
360,13,12,12,2,2,1,no,0,0,3,0,3,Low Risk,ğŸ‘¨â€ğŸ‘©â€ğŸ‘§ Lack of family support - engage parents/guardians | ğŸ“š Provide additional academic resources (low parental education) | âœ… Continue current trajectory
361,11,11,10,0,2,0,yes,2,0,0,0,2,Low Risk,ğŸ“– Academic performance needs improvement | âœ… Continue current trajectory
362,16,15,15,0,2,0,yes,0,0,0,1,1,Low Risk,âš–ï¸ Balance social life with academics | âœ… Continue current trajectory
363,12,11,12,0,2,0,no,2,0,3,0,5,Moderate Risk,ğŸ‘¨â€ğŸ‘©â€ğŸ‘§ Lack of family support - engage parents/guardians | ğŸ‘¥ Assign mentor/peer support - lacks family backing | ğŸ“– Academic performance needs improvement | ğŸ“š Provide additional academic resources (low parental education) | ğŸ“Š Academic monitoring & support recommended
364,10,10,10,4,2,0,yes,2,0,1,1,4,Moderate Risk,ğŸ“– Academic performance needs improvement | ğŸ“š Provide additional academic resources (low parental education) | âš–ï¸ Balance social life with academics | ğŸ“Š Academic monitoring & support recommended
365,13,13,13,0,3,0,no,0,0,2,0,2,Low Risk,ğŸ‘¨â€ğŸ‘©â€ğŸ‘§ Lack of family support - engage parents/guardians | âœ… Continue current trajectory
366,7,6,0,0,1,1,yes,4,0,1,2,7,Moderate Risk,ğŸ“š Critical academic performance - immediate tutoring required | ğŸ“š Provide additional academic resources (low parental education) | â±ï¸ Study time critically low - create study schedule | ğŸ“Š Academic monitoring & support recommended
367,11,10,10,0,1,0,yes,2,0,0,2,4,Moderate Risk,ğŸ“– Academic performance needs improvement | â±ï¸ Study time critically low - create study schedule | ğŸ“Š Academic monitoring & support recommended
368,14,12,11,10,2,0,yes,0,1,0,0,1,Low Risk,â° Monitor attendance - trending toward excessive | âœ… Continue current trajectory
369,7,7,9,4,2,2,no,4,0,2,0,6,Moderate Risk,ğŸ“š Critical academic performance - immediate tutoring required | ğŸ‘¨â€ğŸ‘©â€ğŸ‘§ Lack of family support - engage parents/guardians | ğŸ‘¥ Assign mentor/peer support - lacks family backing | ğŸ“Š Academic monitoring & support recommended
370,14,12,12,3,1,0,yes,0,0,1,2,3,Low Risk,ğŸ“š Provide additional academic resources (low parental education) | â±ï¸ Study time critically low - create study schedule | âœ… Continue current trajectory
371,13,11,11,8,3,0,no,2,1,3,0,6,Moderate Risk,ğŸ‘¨â€ğŸ‘©â€ğŸ‘§ Lack of family support - engage parents/guardians | ğŸ‘¥ Assign mentor/peer support - lacks family backing | â° Monitor attendance - trending toward excessive | ğŸ“– Academic performance needs improvement | ğŸ“š Provide additional academic resources (low parental education) | ğŸ“Š Academic monitoring & support recommended
372,6,5,5,14,1,0,no,4,1,3,3,11,High Risk,ğŸ“š Critical academic performance - immediate tutoring required | ğŸ‘¨â€ğŸ‘©â€ğŸ‘§ Lack of family support - engage parents/guardians | ğŸ‘¥ Assign mentor/peer support - lacks family backing | â° Monitor attendance - trending toward excessive | ğŸ“š Provide additional academic resources (low parental education) | â±ï¸ Study time critically low - create study schedule | âš–ï¸ Balance social life with academics | âš ï¸ Immediate counseling & parental engagement required
373,19,18,19,0,3,0,no,0,0,2,1,3,Low Risk,ğŸ‘¨â€ğŸ‘©â€ğŸ‘§ Lack of family support - engage parents/guardians | âš–ï¸ Balance social life with academics | âœ… Continue current trajectory
374,8,8,10,2,3,0,no,4,0,3,0,7,Moderate Risk,ğŸ“š Critical academic performance - immediate tutoring required | ğŸ‘¨â€ğŸ‘©â€ğŸ‘§ Lack of family support - engage parents/guardians | ğŸ‘¥ Assign mentor/peer support - lacks family backing | ğŸ“š Provide additional academic resources (low parental education) | ğŸ“Š Academic monitoring & support recommended
375,15,14,15,4,3,2,yes,0,0,0,0,0,Low Risk,âœ… Continue current trajectory
376,8,9,10,4,2,0,no,4,0,2,0,6,Moderate Risk,ğŸ“š Critical academic performance - immediate tutoring required | ğŸ‘¨â€ğŸ‘©â€ğŸ‘§ Lack of family support - engage parents/guardians | ğŸ‘¥ Assign mentor/peer support - lacks family backing | ğŸ“Š Academic monitoring & support recommended
377,15,15,15,0,2,0,no,0,0,2,0,2,Low Risk,ğŸ‘¨â€ğŸ‘©â€ğŸ‘§ Lack of family support - engage parents/guardians | âœ… Continue current trajectory
378,10,10,10,17,2,0,yes,2,3,1,1,7,Moderate Risk,âš ï¸ Excessive absences detected - attendance intervention needed | ğŸ“– Academic performance needs improvement | ğŸ“š Provide additional academic resources (low parental education) | âš–ï¸ Balance social life with academics | ğŸ“Š Academic monitoring & support recommended
379,15,14,14,4,2,0,no,0,0,2,1,3,Low Risk,ğŸ‘¨â€ğŸ‘©â€ğŸ‘§ Lack of family support - engage parents/guardians | âš–ï¸ Balance social life with academics | âœ… Continue current trajectory
380,7,6,7,5,1,0,no,4,1,3,2,10,High Risk,ğŸ“š Critical academic performance - immediate tutoring required | ğŸ‘¨â€ğŸ‘©â€ğŸ‘§ Lack of family support - engage parents/guardians | ğŸ‘¥ Assign mentor/peer support - lacks family backing | â° Monitor attendance - trending toward excessive | ğŸ“š Provide additional academic resources (low parental education) | â±ï¸ Study time critically low - create study schedule | âš ï¸ Immediate counseling & parental engagement required
381,11,11,10,2,2,0,no,2,0,2,0,4,Moderate Risk,ğŸ‘¨â€ğŸ‘©â€ğŸ‘§ Lack of family support - engage parents/guardians | ğŸ‘¥ Assign mentor/peer support - lacks family backing | ğŸ“– Academic performance needs improvement | ğŸ“Š Academic monitoring & support recommended
382,6,5,0,0,1,1,no,4,0,3,2,9,High Risk,ğŸ“š Critical academic performance - immediate tutoring required | ğŸ‘¨â€ğŸ‘©â€ğŸ‘§ Lack of family support - engage parents/guardians | ğŸ‘¥ Assign mentor/peer support - lacks family backing | ğŸ“š Provide additional academic resources (low parental education) | â±ï¸ Study time critically low - create study schedule | âš ï¸ Immediate counseling & parental engagement required
383,6,5,5,14,1,1,no,4,1,2,2,9,High Risk,ğŸ“š Critical academic performance - immediate tutoring required | ğŸ‘¨â€ğŸ‘©â€ğŸ‘§ Lack of family support - engage parents/guardians | ğŸ‘¥ Assign mentor/peer support - lacks family backing | â° Monitor attendance - trending toward excessive | â±ï¸ Study time critically low - create study schedule | âš ï¸ Immediate counseling & parental engagement required
384,10,9,10,2,3,0,no,4,0,3,0,7,Moderate Risk,ğŸ“š Critical academic performance - immediate tutoring required | ğŸ‘¨â€ğŸ‘©â€ğŸ‘§ Lack of family support - engage parents/guardians | ğŸ‘¥ Assign mentor/peer support - lacks family backing | ğŸ“š Provide additional academic resources (low parental education) | ğŸ“Š Academic monitoring & support recommended
385,6,5,6,7,1,0,yes,4,1,0,2,7,Moderate Risk,ğŸ“š Critical academic performance - immediate tutoring required | â° Monitor attendance - trending toward excessive | â±ï¸ Study time critically low - create study schedule | ğŸ“Š Academic monitoring & support recommended
386,7,5,0,0,3,1,no,4,0,2,0,6,Moderate Risk,ğŸ“š Critical academic performance - immediate tutoring required | ğŸ‘¨â€ğŸ‘©â€ğŸ‘§ Lack of family support - engage parents/guardians | ğŸ‘¥ Assign mentor/peer support - lacks family backing | ğŸ“Š Academic monitoring & support recommended
387,7,9,8,0,2,0,yes,4,0,1,1,6,Moderate Risk,ğŸ“š Critical academic performance - immediate tutoring required | ğŸ“š Provide additional academic resources (low parental education) | âš–ï¸ Balance social life with academics | ğŸ“Š Academic monitoring & support recommended
388,6,5,0,0,2,1,no,4,0,3,0,7,Moderate Risk,ğŸ“š Critical academic performance - immediate tutoring required | ğŸ‘¨â€ğŸ‘©â€ğŸ‘§ Lack of family support - engage parents/guardians | ğŸ‘¥ Assign mentor/peer support - lacks family backing | ğŸ“š Provide additional academic resources (low parental education) | ğŸ“Š Academic monitoring & support recommended
389,9,9,9,11,2,2,yes,4,1,1,3,9,High Risk,ğŸ“š Critical academic performance - immediate tutoring required | â° Monitor attendance - trending toward excessive | ğŸ“š Provide additional academic resources (low parental education) | ğŸš¨ Substance use concern - counseling recommended | âš–ï¸ Balance social life with academics | âš ï¸ Immediate counseling & parental engagement required
390,14,16,16,3,1,0,no,0,0,3,3,6,Moderate Risk,ğŸ‘¨â€ğŸ‘©â€ğŸ‘§ Lack of family support - engage parents/guardians | ğŸ“š Provide additional academic resources (low parental education) | â±ï¸ Study time critically low - create study schedule | âš–ï¸ Balance social life with academics | ğŸ“Š Academic monitoring & support recommended
391,10,8,7,3,1,3,no,4,0,3,2,9,High Risk,ğŸ“š Critical academic performance - immediate tutoring required | ğŸ‘¨â€ğŸ‘©â€ğŸ‘§ Lack of family support - engage parents/guardians | ğŸ‘¥ Assign mentor/peer support - lacks family backing | ğŸ“š Provide additional academic resources (low parental education) | â±ï¸ Study time critically low - create study schedule | âš ï¸ Immediate counseling & parental engagement required
392,11,12,10,0,1,0,no,0,0,2,2,4,Moderate Risk,ğŸ‘¨â€ğŸ‘©â€ğŸ‘§ Lack of family support - engage parents/guardians | â±ï¸ Study time critically low - create study schedule | ğŸ“Š Academic monitoring & support recommended
393,8,9,9,5,1,0,no,4,1,3,2,10,High Risk,ğŸ“š Critical academic performance - immediate tutoring required | ğŸ‘¨â€ğŸ‘©â€ğŸ‘§ Lack of family support - engage parents/guardians | ğŸ‘¥ Assign mentor/peer support - lacks family backing | â° Monitor attendance - trending toward excessive | ğŸ“š Provide additional academic resources (low parental education) | â±ï¸ Study time critically low - create study schedule | âš ï¸ Immediate counseling & parental engagement required
